species,long,short,version,platform,type,folder,bioproject,species2,base,nseq,size,libray,type,model,taxon,coverage,down,dummy,genomesize,host,inref,min_read,plastid,range1,range2,range3,dimred,readsel,bench_ptgaul,bench_pmat,bench_tippo,bench_oatk,ptgaul_ref,mt_ref,random,random_seed,status
Actinidia_arguta-0,SRR27310020,NA,3,ONT,NA,Actinidia_arguta,PRJNA1055348,Actinidia_arguta,45047911363,16319,33565,WGS,GENOMIC,Sequel II,Actinidia arguta,1,10,dummy,0,viola,family,3000,TRUE,1:1:1,0.1:1:10,3000:6000:2,pca,manual,160000,0.1,onthq,30,NA,Actinidia arguta,197,197,done
Actinidia_arguta-1,SRR27310020,NA,3,PACBIO_SMRT,NA,Actinidia_arguta,PRJNA1055348,Actinidia_arguta,45047911363,16319,33565,WGS,GENOMIC,Sequel II,Actinidia arguta,1,10,dummy,0,viola,family,3000,TRUE,1:1:1,0.1:1:10,3000:6000:2,pca,manual,160000,0.1,onthq,30,NA,Actinidia arguta,197,197,done
Brassica_napus-1,SRR27310020,NA,3,PACBIO_SMRT,NA,Brassica_napus,PRJNA1055348,Brassica_napus,45047911363,16319,33565,WGS,GENOMIC,Sequel II,Brassica napus,1,10,dummy,0,viola,family,3000,TRUE,1:1:1,0.1:1:10,3000:6000:2,pca,manual,160000,0.1,onthq,30,NA,Brassica napus,197,197,done
Lilium_regale-0,ERR15076378,NA,3,PACBIO_CLR,NA,Lilium_regale,PRJEB89667,Lilium_regale,46922076059,1297,11436,WGS,GENOMIC,Sequel II,Lilium regale,1,10,dummy,0,viola,family,3000,TRUE,1:1:1,0.1:1:10,3000:6000:2,pca,manual,160000,0.1,onthq,30,NA,Lilium regale,367,367,done
Zea_mays-0,ERR3288289,NA,3,PACBIO_CLR,NA,Zea_mays,PRJEB32225,Zea_mays,12122833804,14930,2915,WGS,GENOMIC,Sequel,Zea mays,1,10,dummy,0,viola,family,3000,TRUE,1:1:1,0.1:1:10,3000:6000:2,pca,manual,160000,0.1,onthq,30,NA,Zea mays,711,711,done
Setaria_viridis-0,SRR13196970,NA,3,PACBIO_CLR,NA,Setaria_viridis,PRJNA675302,Setaria_viridis,108594112146,12574,26127,WGA,GENOMIC,Sequel II,Setaria viridis,1,10,dummy,0,viola,family,3000,TRUE,1:1:1,0.1:1:10,3000:6000:2,pca,manual,160000,0.1,onthq,30,NA,Setaria viridis,335,335,done
Oryza_sativa_Japonica_Group-0,SRR14269770,NA,3,PACBIO_CLR,NA,Oryza_sativa_Japonica_Group,PRJNA719383,Oryza_sativa_Japonica_Group,29632183744,10295,7131,WGS,GENOMIC,Sequel,Oryza sativa,1,10,dummy,0,viola,family,3000,TRUE,1:1:1,0.1:1:10,3000:6000:2,pca,manual,160000,0.1,onthq,30,NA,Oryza sativa,587,587,done
Vitellaria_paradoxa-0,SRR15665722,NA,3,PACBIO_CLR,NA,Vitellaria_paradoxa,PRJNA729422,Vitellaria_paradoxa,7865364162,10395,1892,WGA,GENOMIC,Sequel II,Vitellaria paradoxa,1,10,dummy,0,viola,family,3000,TRUE,1:1:1,0.1:1:10,3000:6000:2,pca,manual,160000,0.1,onthq,30,NA,Vitellaria paradoxa,493,493,done
Paulownia-0,SRR14242696,NA,3,PACBIO_CLR,NA,Paulownia,PRJNA715303,Paulownia,162596295958,23190,39074,WGS,GENOMIC,Sequel II,Paulownia,1,10,dummy,0,viola,family,3000,TRUE,1:1:1,0.1:1:10,3000:6000:2,pca,manual,160000,0.1,onthq,30,NA,Paulownia,971,971,done
Oryza_sativa-0,SRR14269770,NA,3,PACBIO_CLR,NA,Oryza_sativa,PRJNA719383,Oryza_sativa,29632183744,10295,7131,WGS,GENOMIC,Sequel,Oryza sativa,1,10,dummy,0,viola,family,3000,TRUE,1:1:1,0.1:1:10,3000:6000:2,pca,manual,160000,0.1,onthq,30,NA,Oryza sativa,755,755,done
Gossypium_hirsutum-0,SRR8656498,NA,3,PACBIO_CLR,NA,Gossypium_hirsutum,PRJNA524970,Gossypium_hirsutum,9220152045,10907,2218,WGS,GENOMIC,Sequel,Gossypium hirsutum,1,10,dummy,0,viola,family,3000,TRUE,1:1:1,0.1:1:10,3000:6000:2,pca,manual,160000,0.1,onthq,30,NA,Gossypium hirsutum,625,625,done
Yponomeuta_padella-0,ERR11939307,NA,3,PACBIO_CLR,NA,Yponomeuta_padella,PRJEB54719,Yponomeuta_padella,99951628878,18467,33396,WGS,GENOMIC,Sequel,IIe Yponomeuta cagnagella,1,10,dummy,0,viola,family,3000,TRUE,1:1:1,0.1:1:10,3000:6000:2,pca,manual,160000,0.1,onthq,30,NA,IIe Yponomeuta cagnagella,885,885,done
Pueraria_montana-0,SRR20067679,NA,3,PACBIO_CLR,NA,Pueraria_montana,PRJNA855556,Pueraria_montana,138627792359,14219,33468,WGS,GENOMIC,Sequel,Pueraria montana,1,10,dummy,0,viola,family,3000,TRUE,1:1:1,0.1:1:10,3000:6000:2,pca,manual,160000,0.1,onthq,30,NA,Pueraria montana,915,915,done
Sesamum_indicum-0,SRR8627940,NA,3,PACBIO_CLR,NA,Sesamum_indicum,PRJNA524019,Sesamum_indicum,6061296179,12100,1458,WGA,GENOMIC,Sequel,Sesamum indicum,1,10,dummy,0,viola,family,3000,TRUE,1:1:1,0.1:1:10,3000:6000:2,pca,manual,160000,0.1,onthq,30,NA,Sesamum indicum,547,547,done
Phragmites_australis-0,SRR27386602,NA,3,PACBIO_CLR,NA,Phragmites_australis,PRJNA1055898,Phragmites_australis,0,0,0,WGS,GENOMIC,Sequel II,Phragmites australis,1,10,dummy,0,viola,family,3000,TRUE,1:1:1,0.1:1:10,3000:6000:2,pca,manual,160000,0.1,onthq,30,NA,Phragmites australis,243,243,done
Prunus_cerasus-0,SRR23054816,NA,3,PACBIO_CLR,NA,Prunus_cerasus,PRJNA922242,Prunus_cerasus,11366022551,15879,2732,WGS,GENOMIC,Sequel II,Prunus cerasus,1,10,dummy,0,viola,family,3000,TRUE,1:1:1,0.1:1:10,3000:6000:2,pca,manual,160000,0.1,onthq,30,NA,Prunus cerasus,687,687,done
Campanula_takesimana-0,SRR11782409,NA,3,PACBIO_CLR,NA,Campanula_takesimana,PRJNA630544,Campanula_takesimana,76329848003,11712,18379,WGS,GENOMIC,Sequel,Campanula takesimana,1,10,dummy,0,viola,family,3000,TRUE,1:1:1,0.1:1:10,3000:6000:2,pca,manual,160000,0.1,onthq,30,NA,Campanula takesimana,181,181,done
Oryza_sativa_Indica_Group-0,SRR10302215,NA,3,PACBIO_CLR,NA,Oryza_sativa_Indica_Group,PRJNA565481,Oryza_sativa_Indica_Group,9246873236,18264,2222,WGS,GENOMIC,Sequel,Oryza sativa Indica Group,1,10,dummy,0,viola,family,3000,TRUE,1:1:1,0.1:1:10,3000:6000:2,pca,manual,160000,0.1,onthq,30,NA,Oryza sativa Indica Group,331,331,done
Rana_muscosa-0,SRR12358173,NA,3,PACBIO_CLR,NA,Rana_muscosa,PRJNA627939,Rana_muscosa,782110684242,13955,188220,WGS,GENOMIC,Sequel II,Zea mays,1,10,dummy,0,viola,family,3000,TRUE,1:1:1,0.1:1:10,3000:6000:2,pca,manual,160000,0.1,onthq,30,NA,Zea mays,271,271,done
Oryza_malampuzhaensis-0,SRR15989943,NA,3,PACBIO_CLR,NA,Oryza_malampuzhaensis,PRJNA757598,Oryza_malampuzhaensis,155292900658,19973,37326,WGS,GENOMIC,Sequel II,Oryza malampuzhaensis,1,10,dummy,0,viola,family,3000,TRUE,1:1:1,0.1:1:10,3000:6000:2,pca,manual,160000,0.1,onthq,30,NA,Oryza malampuzhaensis,417,417,done
Acer_truncatum-0,SRR13791281,NA,3,PACBIO_CLR,NA,Acer_truncatum,PRJNA665613,Acer_truncatum,479852336820,16087,115409,WGS,GENOMIC,Sequel,Acer truncatum,1,10,dummy,0,viola,family,3000,TRUE,1:1:1,0.1:1:10,3000:6000:2,pca,manual,160000,0.1,onthq,30,NA,Acer truncatum,579,579,done
Amorphophallus_konjac-0,SRR14741665,NA,3,PACBIO_CLR,NA,Amorphophallus_konjac,PRJNA734512,Amorphophallus_konjac,154095802820,20099,37038,WGS,GENOMIC,Sequel II,Amorphophallus konjac,1,10,dummy,0,viola,family,3000,TRUE,1:1:1,0.1:1:10,3000:6000:2,pca,manual,160000,0.1,onthq,30,NA,Amorphophallus konjac,977,977,done
Bouteloua_dactyloides-0,SRR24301578,NA,3,PACBIO_CLR,NA,Bouteloua_dactyloides,PRJNA961767,Bouteloua_dactyloides,140606683101,13710,33820,WGS,GENOMIC,Sequel,Bouteloua dactyloides,1,10,dummy,0,viola,family,3000,TRUE,1:1:1,0.1:1:10,3000:6000:2,pca,manual,180000,0.1,onthq,30,NA,Bouteloua dactyloides,855,855,done
Piper_nigrum-0,SRR8820206,NA,3,PACBIO_CLR,NA,Piper_nigrum,PRJNA529758,Piper_nigrum,103720455796,7599,24980,WGA,GENOMIC,Sequel,Piper nigrum,1,10,dummy,0,viola,family,3000,TRUE,1:1:1,0.1:1:10,3000:6000:2,pca,manual,180000,0.1,onthq,30,NA,Piper nigrum,319,319,done
Magnolia_kwangsiensis-0,SRR27346364,NA,3,PACBIO_CLR,NA,Magnolia_kwangsiensis,PRJNA1057110,Magnolia_kwangsiensis,137881225094,22635,50589,WGS,GENOMIC,Sequel II,Magnolia kwangsiensis,1,10,dummy,0,viola,family,3000,TRUE,1:1:1,0.1:1:10,3000:6000:2,pca,manual,200000,0.1,onthq,30,NA,Magnolia kwangsiensis,269,269,done
Tamarix_chinensis-0,SRR19973003,NA,3,PACBIO_CLR,NA,Tamarix_chinensis,PRJNA855314,Tamarix_chinensis,213540198223,28809,51297,WGS,GENOMIC,Sequel II,Tamarix chinensis,1,10,dummy,0,viola,family,3000,TRUE,1:1:1,0.1:1:10,3000:6000:2,pca,manual,160000,0.1,onthq,30,NA,Tamarix chinensis,527,527,done
Paulownia_fortunei-0,SRR13838018,NA,3,PACBIO_CLR,NA,Paulownia_fortunei,PRJNA689913,Paulownia_fortunei,233410125410,20224,56105,WGS,GENOMIC,Sequel II,Paulownia fortunei,1,10,dummy,0,viola,family,3000,TRUE,1:1:1,0.1:1:10,3000:6000:2,pca,manual,160000,0.1,onthq,30,NA,Paulownia fortunei,353,353,done
Oryza_ridleyi-0,SRR13358908,NA,3,PACBIO_CLR,NA,Oryza_ridleyi,PRJNA687623,Oryza_ridleyi,16423296493,23585,3946,WGS,GENOMIC,Sequel II,Oryza ridleyi,1,10,dummy,0,viola,family,3000,TRUE,1:1:1,0.1:1:10,3000:6000:2,pca,manual,160000,0.1,onthq,30,NA,Oryza ridleyi,837,837,done
Setaria_italica-0,SRR13196970,NA,3,PACBIO_CLR,NA,Setaria_italica,PRJNA675302,Setaria_italica,108594112146,12574,26127,WGA,GENOMIC,Sequel II,Setaria viridis,1,10,dummy,0,viola,family,3000,TRUE,1:1:1,0.1:1:10,3000:6000:2,pca,manual,160000,0.1,onthq,30,NA,Setaria viridis,313,313,done
Lonicera_japonica-0,SRR17509642,NA,3,PACBIO_CLR,NA,Lonicera_japonica,PRJNA794868,Lonicera_japonica,54951007909,16849,13211,WGS,GENOMIC,Sequel II,Lonicera japonica,1,10,dummy,0,viola,family,3000,TRUE,1:1:1,0.1:1:10,3000:6000:2,pca,manual,160000,0.1,onthq,30,NA,Lonicera japonica,109,109,done
Fragaria_x_ananassa-0,SRR12358173,NA,3,PACBIO_CLR,NA,Fragaria_x_ananassa,PRJNA627939,Fragaria_x_ananassa,782110684242,13955,188220,WGS,GENOMIC,Sequel II,Zea mays,1,10,dummy,0,viola,family,3000,TRUE,1:1:1,0.1:1:10,3000:6000:2,pca,manual,160000,0.1,onthq,30,NA,Zea mays,575,575,done
Dalbergia_cochinchinensis-0,SRR19549771,NA,3,PACBIO_CLR,NA,Dalbergia_cochinchinensis,PRJNA841235,Dalbergia_cochinchinensis,159503944782,29055,38314,WGS,GENOMIC,Sequel II,Dalbergia cochinchinensis,1,10,dummy,0,viola,family,3000,TRUE,1:1:1,0.1:1:10,3000:6000:2,pca,manual,160000,0.1,onthq,30,NA,Dalbergia cochinchinensis,427,427,done
Psidium_guajava-0,SRR25212035,NA,3,PACBIO_CLR,NA,Psidium_guajava,PRJNA713343,Psidium_guajava,47098804811,6043,11361,WGS,GENOMIC,Sequel,Psidium guajava,1,10,dummy,0,viola,family,3000,TRUE,1:1:1,0.1:1:10,3000:6000:2,pca,manual,160000,0.1,onthq,30,NA,Psidium guajava,203,203,done
Prunus_speciosa-0,DRR532493,NA,3,PACBIO_CLR,NA,Prunus_speciosa,PRJDB17512,Prunus_speciosa,159481178688,25929,38316,WGS,GENOMIC,Sequel II,Prunus speciosa,1,10,dummy,0,viola,family,3000,TRUE,1:1:1,0.1:1:10,3000:6000:2,pca,manual,160000,0.1,onthq,30,NA,Prunus speciosa,121,121,done
Oryza_latifolia-0,SRR14887297,NA,3,PACBIO_CLR,NA,Oryza_latifolia,PRJNA737486,Oryza_latifolia,152640190644,19468,36690,WGS,GENOMIC,Sequel II,Oryza latifolia,1,10,dummy,0,viola,family,3000,TRUE,1:1:1,0.1:1:10,3000:6000:2,pca,manual,160000,0.1,onthq,30,NA,Oryza latifolia,889,889,done
Thymus_quinquecostatus-0,SRR13600750,NA,3,PACBIO_CLR,NA,Thymus_quinquecostatus,PRJNA690675,Thymus_quinquecostatus,125708763965,17444,30220,WGS,GENOMIC,Sequel II,Thymus quinquecostatus,1,10,dummy,0,viola,family,3000,TRUE,1:1:1,0.1:1:10,3000:6000:2,pca,manual,160000,0.1,onthq,30,NA,Thymus quinquecostatus,499,499,done
Oryza_grandiglumis-0,SRR14876898,NA,3,PACBIO_CLR,NA,Oryza_grandiglumis,PRJNA737282,Oryza_grandiglumis,152308603528,18528,36614,WGS,GENOMIC,Sequel II,Oryza grandiglumis,1,10,dummy,0,viola,family,3000,TRUE,1:1:1,0.1:1:10,3000:6000:2,pca,manual,180000,0.1,onthq,30,NA,Oryza grandiglumis,599,599,done
Prunus_persica-0,SRR12629887,NA,3,PACBIO_CLR,NA,Prunus_persica,PRJNA663129,Prunus_persica,140979060996,19435,33888,WGS,GENOMIC,Sequel II,Prunus persica,1,10,dummy,0,viola,family,3000,TRUE,1:1:1,0.1:1:10,3000:6000:2,pca,manual,180000,0.1,onthq,30,NA,Prunus persica,871,871,done
Yponomeuta_cagnagella-0,ERR11939307,NA,3,PACBIO_CLR,NA,Yponomeuta_cagnagella,PRJEB54719,Yponomeuta_cagnagella,99951628878,18467,33396,WGS,GENOMIC,Sequel,IIe Yponomeuta cagnagella,1,10,dummy,0,viola,family,3000,TRUE,1:1:1,0.1:1:10,3000:6000:2,pca,manual,160000,0.1,onthq,30,NA,IIe Yponomeuta cagnagella,349,349,done
Suaeda_japonica-0,SRR26099738,NA,3,PACBIO_CLR,NA,Suaeda_japonica,PRJNA820461,Suaeda_japonica,55005385448,15670,13268,WGS,GENOMIC,Sequel,Suaeda japonica,1,10,dummy,0,viola,family,3000,TRUE,1:1:1,0.1:1:10,3000:6000:2,pca,manual,160000,0.1,onthq,30,NA,Suaeda japonica,735,735,done
Glycine_max-0,DRR147577,NA,3,PACBIO_CLR,NA,Glycine_max,PRJDB7286,Glycine_max,9636050974,7422,2321,WGS,GENOMIC,Sequel,Glycine max,1,10,dummy,0,viola,family,3000,TRUE,1:1:1,0.1:1:10,3000:6000:2,pca,manual,160000,0.1,onthq,30,NA,Glycine max,469,469,done
Rumex_hastatulus-0,SRR14078326,NA,3,PACBIO_CLR,NA,Rumex_hastatulus,PRJNA717733,Rumex_hastatulus,5008527383,9434,1205,WGS,GENOMIC,Sequel,Rumex hastatulus,1,10,dummy,0,viola,family,3000,TRUE,1:1:1,0.1:1:10,3000:6000:2,pca,manual,160000,0.1,onthq,30,NA,Rumex hastatulus,509,509,done
Solanum_virginianum-0,SRR11310354,NA,3,PACBIO_CLR,NA,Solanum_virginianum,PRJNA612792,Solanum_virginianum,66703935865,11209,16061,WGS,GENOMIC,Sequel II,Solanum virginianum,1,10,dummy,0,viola,family,3000,TRUE,1:1:1,0.1:1:10,3000:6000:2,pca,manual,160000,0.1,onthq,30,NA,Solanum virginianum,917,917,done
Xanthoceras_sorbifolium-0,SRR13854166,NA,3,PACBIO_CLR,NA,Xanthoceras_sorbifolium,PRJNA665609,Xanthoceras_sorbifolium,383285446302,15075,92192,WGS,GENOMIC,Sequel,Xanthoceras sorbifolium,1,10,dummy,0,viola,family,3000,TRUE,1:1:1,0.1:1:10,3000:6000:2,pca,manual,160000,0.1,onthq,30,NA,Xanthoceras sorbifolium,357,357,done
Mus_musculus-0,SRR12358173,NA,3,PACBIO_CLR,NA,Mus_musculus,PRJNA627939,Mus_musculus,782110684242,13955,188220,WGS,GENOMIC,Sequel II,Zea mays,1,10,dummy,0,viola,family,3000,TRUE,1:1:1,0.1:1:10,3000:6000:2,pca,manual,160000,0.1,onthq,30,NA,Zea mays,765,765,done
Oryza_glaberrima-0,SRR14269770,NA,3,PACBIO_CLR,NA,Oryza_glaberrima,PRJNA719383,Oryza_glaberrima,29632183744,10295,7131,WGS,GENOMIC,Sequel,Oryza sativa,1,10,dummy,0,viola,family,3000,TRUE,1:1:1,0.1:1:10,3000:6000:2,pca,manual,160000,0.1,onthq,30,NA,Oryza sativa,157,157,done
Chlamydomonas_reinhardtii-0,SRR22216323,NA,3,PACBIO_CLR,NA,Chlamydomonas_reinhardtii,PRJNA840945,Chlamydomonas_reinhardtii,18259845352,18485,11602,WGS,GENOMIC,Sequel II,Chlamydomonas reinhardtii,1,10,dummy,0,viola,family,3000,TRUE,1:1:1,0.1:1:10,3000:6000:2,pca,manual,160000,0.1,onthq,30,NA,Chlamydomonas reinhardtii,779,779,done
Microstegium_vimineum-0,SRR16219874,NA,3,PACBIO_CLR,NA,Microstegium_vimineum,PRJNA769079,Microstegium_vimineum,104186172920,18725,25044,WGS,GENOMIC,Sequel II,Microstegium vimineum,1,10,dummy,0,viola,family,3000,TRUE,1:1:1,0.1:1:10,3000:6000:2,pca,manual,160000,0.1,onthq,30,NA,Microstegium vimineum,823,823,done
Hibiscus_trionum-0,ERR11939307,NA,3,PACBIO_CLR,NA,Hibiscus_trionum,PRJEB54719,Hibiscus_trionum,99951628878,18467,33396,WGS,GENOMIC,Sequel,IIe Yponomeuta cagnagella,1,10,dummy,0,viola,family,3000,TRUE,1:1:1,0.1:1:10,3000:6000:2,pca,manual,160000,0.1,onthq,30,NA,IIe Yponomeuta cagnagella,797,797,done
Vigna_umbellata-0,ERR11580140,NA,3,PACBIO_CLR,NA,Vigna_umbellata,PRJEB63305,Vigna_umbellata,126529625407,15347,30530,WGS,GENOMIC,Sequel,Vigna umbellata,1,10,dummy,0,viola,family,3000,TRUE,1:1:1,0.1:1:10,3000:6000:2,pca,manual,160000,0.1,onthq,30,NA,Vigna umbellata,565,565,done
synthetic_metagenome-0,SRR12358173,NA,3,PACBIO_CLR,NA,synthetic_metagenome,PRJNA627939,synthetic_metagenome,782110684242,13955,188220,WGS,GENOMIC,Sequel II,Zea mays,1,10,dummy,0,viola,family,3000,TRUE,1:1:1,0.1:1:10,3000:6000:2,pca,manual,160000,0.1,onthq,30,NA,Zea mays,477,477,done
Solanum_habrochaites-0,SRR15420791,NA,3,PACBIO_CLR,NA,Solanum_habrochaites,PRJNA753882,Solanum_habrochaites,457207827560,7984,110018,WGS,GENOMIC,Sequel II,Solanum habrochaites,1,10,dummy,0,viola,family,3000,TRUE,1:1:1,0.1:1:10,3000:6000:2,pca,manual,160000,0.1,onthq,30,NA,Solanum habrochaites,445,445,done
Populus_alba_x_Populus_glandulosa-0,SRR18491448,NA,3,PACBIO_CLR,NA,Populus_alba_x_Populus_glandulosa,PRJNA526157,Populus_alba_x_Populus_glandulosa,393920687800,11242,94789,WGS,GENOMIC,Sequel II,Populus alba x Populus glandulosa,1,10,dummy,0,viola,family,3000,TRUE,1:1:1,0.1:1:10,3000:6000:2,pca,manual,160000,0.1,onthq,30,NA,Populus alba x Populus glandulosa,481,481,done
Aquilaria_yunnanensis-0,SRR25784776,NA,3,PACBIO_CLR,NA,Aquilaria_yunnanensis,PRJNA1008918,Aquilaria_yunnanensis,31748462006,15365,19430,WGS,GENOMIC,Sequel II,Aquilaria yunnanensis,1,10,dummy,0,viola,family,3000,TRUE,1:1:1,0.1:1:10,3000:6000:2,pca,manual,160000,0.1,onthq,30,NA,Aquilaria yunnanensis,307,307,done
Prunus_humilis-0,SRR10912179,NA,3,PACBIO_CLR,NA,Prunus_humilis,PRJNA597317,Prunus_humilis,75917995497,11473,18270,WGS,GENOMIC,Sequel,Prunus humilis,1,10,dummy,0,viola,family,3000,TRUE,1:1:1,0.1:1:10,3000:6000:2,pca,manual,160000,0.1,onthq,30,NA,Prunus humilis,503,503,done
Glycine_soja-0,SRR11654287,NA,3,PACBIO_CLR,NA,Glycine_soja,PRJNA629036,Glycine_soja,81223778112,8144,19575,WGS,GENOMIC,Sequel,Glycine soja,1,10,dummy,0,viola,family,3000,TRUE,1:1:1,0.1:1:10,3000:6000:2,pca,manual,160000,0.1,onthq,30,NA,Glycine soja,773,773,done
Euryodendron_excelsum-0,SRR24113599,NA,3,PACBIO_CLR,NA,Euryodendron_excelsum,PRJNA953799,Euryodendron_excelsum,109937373280,13580,26443,WGS,GENOMIC,Sequel II,Euryodendron excelsum,1,10,dummy,0,viola,family,3000,TRUE,1:1:1,0.1:1:10,3000:6000:2,pca,manual,160000,0.1,onthq,30,NA,Euryodendron excelsum,323,323,done
Oryza_minuta-0,SRR15990419,NA,3,PACBIO_CLR,NA,Oryza_minuta,PRJNA757599,Oryza_minuta,148329505370,18585,35657,WGS,GENOMIC,Sequel II,Oryza minuta,1,10,dummy,0,viola,family,3000,TRUE,1:1:1,0.1:1:10,3000:6000:2,pca,manual,160000,0.1,onthq,30,NA,Oryza minuta,273,273,done
Curcuma_alismatifolia-0,SRR14728410,NA,3,PACBIO_CLR,NA,Curcuma_alismatifolia,PRJNA734042,Curcuma_alismatifolia,139741888546,19969,33589,WGS,GENOMIC,Sequel II,Curcuma alismatifolia,1,10,dummy,0,viola,family,3000,TRUE,1:1:1,0.1:1:10,3000:6000:2,pca,manual,160000,0.1,onthq,30,NA,Curcuma alismatifolia,997,997,done
Prunus_dulcis-0,SRR16267434,NA,3,PACBIO_CLR,NA,Prunus_dulcis,PRJNA769745,Prunus_dulcis,147812822323,18645,35534,WGS,GENOMIC,Sequel II,Prunus dulcis,1,10,dummy,0,viola,family,3000,TRUE,1:1:1,0.1:1:10,3000:6000:2,pca,manual,160000,0.1,onthq,30,NA,Prunus dulcis,937,937,done
Zanthoxylum_armatum-0,SRR17062749,NA,3,PACBIO_CLR,NA,Zanthoxylum_armatum,PRJNA771757,Zanthoxylum_armatum,149373638474,21138,35902,WGA,GENOMIC,Sequel II,Zanthoxylum armatum,1,10,dummy,0,viola,family,3000,TRUE,1:1:1,0.1:1:10,3000:6000:2,pca,manual,160000,0.1,onthq,30,NA,Zanthoxylum armatum,635,635,done
Castanea_mollissima-0,SRR10270291,NA,3,PACBIO_CLR,NA,Castanea_mollissima,PRJNA559042,Castanea_mollissima,67051482003,12799,16140,WGS,GENOMIC,Sequel,Castanea mollissima,1,10,dummy,0,viola,family,3000,TRUE,1:1:1,0.1:1:10,3000:6000:2,pca,manual,160000,0.1,onthq,30,NA,Castanea mollissima,577,577,done
Alopecurus_myosuroides-0,ERR10172057,NA,3,PACBIO_CLR,NA,Alopecurus_myosuroides,PRJEB49257,Alopecurus_myosuroides,18952530218,24170,4554,WGS,GENOMIC,Sequel,Alopecurus myosuroides,1,10,dummy,0,viola,family,3000,TRUE,1:1:1,0.1:1:10,3000:6000:2,pca,manual,160000,0.1,onthq,30,NA,Alopecurus myosuroides,963,963,done
Tanacetum_coccineum-0,DRR328415,NA,3,PACBIO_CLR,NA,Tanacetum_coccineum,PRJDB12537,Tanacetum_coccineum,93100193428,10738,22403,WGS,GENOMIC,Sequel II,Tanacetum coccineum,1,10,dummy,0,viola,family,3000,TRUE,1:1:1,0.1:1:10,3000:6000:2,pca,manual,160000,0.1,onthq,30,NA,Tanacetum coccineum,581,581,done
Zanthoxylum_bungeanum-0,SRR17041869,NA,3,PACBIO_CLR,NA,Zanthoxylum_bungeanum,PRJNA771946,Zanthoxylum_bungeanum,341140492393,17392,82058,WGA,GENOMIC,Sequel II,Zanthoxylum bungeanum,1,10,dummy,0,viola,family,3000,TRUE,1:1:1,0.1:1:10,3000:6000:2,pca,manual,160000,0.1,onthq,30,NA,Zanthoxylum bungeanum,377,377,done
Benincasa_hispida-0,SRR23081783,NA,3,PACBIO_CLR,NA,Benincasa_hispida,PRJNA898819,Benincasa_hispida,86533931646,17683,20808,WGS,GENOMIC,Sequel II,Benincasa hispida,1,10,dummy,0,viola,family,3000,TRUE,1:1:1,0.1:1:10,3000:6000:2,pca,manual,160000,0.1,onthq,30,NA,Benincasa hispida,459,459,done
Penstemon_davidsonii-0,SRR25915327,NA,3,PACBIO_CLR,NA,Penstemon_davidsonii,PRJNA1010203,Penstemon_davidsonii,118120057679,12016,28417,WGA,GENOMIC,Sequel II,Penstemon davidsonii,1,10,dummy,0,viola,family,3000,TRUE,1:1:1,0.1:1:10,3000:6000:2,pca,manual,160000,0.1,onthq,30,NA,Penstemon davidsonii,155,155,done
Eucommia_ulmoides-0,SRR10875777,NA,3,PACBIO_CLR,NA,Eucommia_ulmoides,PRJNA599775,Eucommia_ulmoides,222559945654,6612,53660,WGS,GENOMIC,Sequel,Eucommia ulmoides,1,10,dummy,0,viola,family,3000,TRUE,1:1:1,0.1:1:10,3000:6000:2,pca,manual,160000,0.1,onthq,30,NA,Eucommia ulmoides,217,217,done
Bupleurum_chinense-0,SRR16122634,NA,3,PACBIO_CLR,NA,Bupleurum_chinense,PRJNA689956,Bupleurum_chinense,417402432850,11148,100447,WGS,GENOMIC,Sequel II,Bupleurum chinense,1,10,dummy,0,viola,family,3000,TRUE,1:1:1,0.1:1:10,3000:6000:2,pca,manual,160000,0.1,onthq,30,NA,Bupleurum chinense,749,749,done
Phaseolus_coccineus-0,SRR25544762,NA,3,PACBIO_SMRT,NA,Phaseolus_coccineus,PRJNA1002813,Phaseolus_coccineus,70377332195,15143,44832,WGS,GENOMIC,Sequel II,Phaseolus coccineus,1,10,dummy,0,viola,family,3000,TRUE,1:1:1,0.1:1:10,3000:6000:2,pca,manual,160000,0.1,onthq,30,NA,Phaseolus coccineus,791,791,done
Jasminum_sambac-0,SRR17758539,NA,3,PACBIO_SMRT,NA,Jasminum_sambac,PRJNA795621,Jasminum_sambac,43199582591,17971,34162,WGS,GENOMIC,Sequel II,Jasminum sambac,1,10,dummy,0,viola,family,3000,TRUE,1:1:1,0.1:1:10,3000:6000:2,pca,manual,160000,0.1,onthq,30,NA,Jasminum sambac,951,951,done
Juglans_californica-0,SRR19251722,NA,3,PACBIO_SMRT,NA,Juglans_californica,PRJNA838999,Juglans_californica,31609938032,16250,23900,WGS,GENOMIC,Sequel II,Juglans californica,1,10,dummy,0,viola,family,3000,TRUE,1:1:1,0.1:1:10,3000:6000:2,pca,manual,160000,0.1,onthq,30,NA,Juglans californica,983,983,done
Camellia_meiocarpa-0,SRR30589052,NA,3,PACBIO_SMRT,NA,Camellia_meiocarpa,PRJNA1155848,Camellia_meiocarpa,111854757790,17197,43209,WGS,GENOMIC,Sequel II,Camellia meiocarpa,1,10,dummy,0,viola,family,3000,TRUE,1:1:1,0.1:1:10,3000:6000:2,pca,manual,160000,0.1,onthq,30,NA,Camellia meiocarpa,873,873,done
Glycyrrhiza_uralensis-0,DRR400303,NA,3,PACBIO_SMRT,NA,Glycyrrhiza_uralensis,PRJDB14223,Glycyrrhiza_uralensis,15437508160,21503,12880,WGS,GENOMIC,Sequel II,Glycyrrhiza uralensis,1,10,dummy,0,viola,family,3000,TRUE,1:1:1,0.1:1:10,3000:6000:2,pca,manual,160000,0.1,onthq,30,NA,Glycyrrhiza uralensis,727,727,done
Sesbania_cannabina-0,SRR25605565,NA,3,PACBIO_SMRT,NA,Sesbania_cannabina,PRJNA1004350,Sesbania_cannabina,177183379439,18024,70315,WGS,GENOMIC,Sequel II,Sesbania cannabina,1,10,dummy,0,viola,family,3000,TRUE,1:1:1,0.1:1:10,3000:6000:2,pca,manual,160000,0.1,onthq,30,NA,Sesbania cannabina,279,279,done
Euphorbia_peplus-0,SRR19901591,NA,3,PACBIO_SMRT,NA,Euphorbia_peplus,PRJNA837952,Euphorbia_peplus,22771179420,17989,16023,WGS,GENOMIC,Sequel II,Euphorbia peplus,1,10,dummy,0,viola,family,3000,TRUE,1:1:1,0.1:1:10,3000:6000:2,pca,manual,160000,0.1,onthq,20,NA,Euphorbia peplus,611,611,done
Hordeum_vulgare-0,ERR10660377,NA,3,PACBIO_SMRT,NA,Hordeum_vulgare,PRJEB57567,Hordeum_vulgare,79741851756,12559,51727,WGS,GENOMIC,Sequel II,Hordeum vulgare,1,10,dummy,0,viola,family,3000,TRUE,1:1:1,0.1:1:10,3000:6000:2,pca,manual,160000,0.1,onthq,30,NA,Hordeum vulgare,795,795,done
Oryza_longistaminata-0,SRR33513830,NA,3,PACBIO_SMRT,NA,Oryza_longistaminata,PRJNA1259753,Oryza_longistaminata,27345081097,17645,22036,WGS,GENOMIC,Sequel II,Oryza longistaminata,1,10,dummy,0,viola,family,3000,TRUE,1:1:1,0.1:1:10,3000:6000:2,pca,manual,160000,0.1,onthq,30,NA,Oryza longistaminata,809,809,done
Triticum_aestivum-0,SRR28066005,NA,3,PACBIO_SMRT,NA,Triticum_aestivum,PRJNA1062539,Triticum_aestivum,45691043898,18481,30217,WGS,GENOMIC,Sequel II,Triticum aestivum,1,10,dummy,0,viola,family,3000,TRUE,1:1:1,0.1:1:10,3000:6000:2,pca,manual,160000,0.1,onthq,30,NA,Triticum aestivum,817,817,done
Lablab_purpureus-0,SRR33468938,NA,3,PACBIO_SMRT,NA,Lablab_purpureus,PRJNA1260078,Lablab_purpureus,33328754150,16519,11431,WGS,GENOMIC,Sequel II,Lablab purpureus,1,10,dummy,0,viola,family,3000,TRUE,1:1:1,0.1:1:10,3000:6000:2,pca,manual,160000,0.1,onthq,30,NA,Lablab purpureus,845,845,done
Arctium_lappa-0,SRR15927839,NA,3,PACBIO_SMRT,NA,Arctium_lappa,PRJNA764011,Arctium_lappa,37452221074,15328,26375,WGS,GENOMIC,Sequel II,Arctium lappa,1,10,dummy,0,viola,family,3000,TRUE,1:1:1,0.1:1:10,3000:6000:2,umap,manual,160000,0.1,onthq,0,NA,Arctium lappa,759,759,done
Salix_arbutifolia-0,SRR17272048,NA,3,PACBIO_SMRT,NA,Salix_arbutifolia,PRJNA788330,Salix_arbutifolia,34224559124,14709,23336,WGS,GENOMIC,Sequel II,Salix arbutifolia,1,10,dummy,0,viola,family,3000,TRUE,1:1:1,0.1:1:10,3000:6000:2,pca,manual,160000,0.1,onthq,30,NA,Salix arbutifolia,717,717,done
Tuctoria_greenei-0,SRR29680270,NA,3,PACBIO_SMRT,NA,Tuctoria_greenei,PRJNA1126703,Tuctoria_greenei,59325985626,13764,36322,WGS,GENOMIC,Sequel IIe,Tuctoria greenei,1,10,dummy,0,viola,family,3000,TRUE,1:1:1,0.1:1:10,3000:6000:2,pca,manual,160000,0.1,onthq,30,NA,IIe Tuctoria greenei,431,431,done
Cichorium_endivia-0,SRR17658307,NA,3,PACBIO_SMRT,NA,Cichorium_endivia,PRJNA797903,Cichorium_endivia,33681517325,16227,25075,WGS,GENOMIC,Sequel II,Cichorium endivia,1,10,dummy,0,viola,family,3000,TRUE,1:1:1,0.1:1:10,3000:6000:2,pca,manual,160000,0.1,onthq,30,NA,Cichorium endivia,251,251,done
Lathyrus_sativus-0,SRR26116103,NA,3,PACBIO_SMRT,NA,Lathyrus_sativus,PRJNA1019112,Lathyrus_sativus,94618805170,16658,59743,WGS,GENOMIC,Sequel II,Lathyrus sativus,1,10,dummy,0,viola,family,3000,TRUE,1:1:1,0.1:1:10,3000:6000:2,pca,manual,160000,0.1,onthq,30,NA,Lathyrus sativus,381,381,done
Sequoia_sempervirens-0,SRR11211695,NA,3,PACBIO_SMRT,NA,Sequoia_sempervirens,PRJNA606797,Sequoia_sempervirens,30633954289,24127,25181,WGS,GENOMIC,Sequel II,Sequoia sempervirens,1,10,dummy,0,viola,family,3000,TRUE,1:1:1,0.1:1:10,3000:6000:2,pca,manual,160000,0.1,onthq,30,NA,Sequoia sempervirens,805,805,done
Aristolochia_californica-0,SRR25496339,NA,3,PACBIO_SMRT,NA,Aristolochia_californica,PRJNA998869,Aristolochia_californica,32493649311,13278,19564,WGS,GENOMIC,Sequel II,Aristolochia californica,1,10,dummy,0,viola,family,3000,TRUE,1:1:1,0.1:1:10,3000:6000:2,pca,manual,160000,0.1,onthq,30,NA,Aristolochia californica,975,975,done
Breynia_androgyna-0,SRR25111202,NA,3,PACBIO_SMRT,NA,Breynia_androgyna,PRJNA990470,Breynia_androgyna,29786129665,16413,21966,WGS,GENOMIC,Sequel II,Breynia androgyna,1,10,dummy,0,viola,family,3000,TRUE,1:1:1,0.1:1:10,3000:6000:2,pca,manual,160000,0.1,onthq,30,NA,Breynia androgyna,731,731,done
Herpetospermum_pedunculosum-0,SRR22426905,NA,3,PACBIO_SMRT,NA,Herpetospermum_pedunculosum,PRJNA906014,Herpetospermum_pedunculosum,22024877154,15201,13191,WGS,GENOMIC,Sequel II,Herpetospermum pedunculosum,1,10,dummy,0,viola,family,3000,TRUE,1:1:1,0.1:1:10,3000:6000:2,pca,manual,160000,0.1,onthq,30,NA,Herpetospermum pedunculosum,545,545,done
Fagopyrum_tataricum-0,SRR23681790,NA,3,PACBIO_SMRT,NA,Fagopyrum_tataricum,PRJNA935840,Fagopyrum_tataricum,34136386202,13798,22657,WGS,GENOMIC,Sequel,Fagopyrum tataricum,1,10,dummy,0,viola,family,3000,TRUE,1:1:1,0.1:1:10,3000:6000:2,pca,manual,160000,0.1,onthq,30,NA,Fagopyrum tataricum,131,131,done
Pisum_sativum-0,ERR13154028,NA,3,PACBIO_SMRT,NA,Pisum_sativum,PRJEB75659,Pisum_sativum,34400697005,15906,23283,WGS,GENOMIC,Sequel II,Pisum sativum,1,10,dummy,0,viola,family,3000,TRUE,1:1:1,0.1:1:10,3000:6000:2,pca,manual,160000,0.1,onthq,30,NA,Pisum sativum,569,569,done
Canavalia_gladiata-0,SRR25501073,NA,3,PACBIO_SMRT,NA,Canavalia_gladiata,PRJNA1001638,Canavalia_gladiata,67153848829,12780,38977,WGS,GENOMIC,Sequel II,Canavalia gladiata,1,10,dummy,0,viola,family,3000,TRUE,1:1:1,0.1:1:10,3000:6000:2,pca,manual,160000,0.1,onthq,30,NA,Canavalia gladiata,783,783,done
Vaccinium_bracteatum-0,SRR29004627,NA,3,PACBIO_SMRT,NA,Vaccinium_bracteatum,PRJNA1110808,Vaccinium_bracteatum,56139926112,17655,43627,WGS,GENOMIC,Sequel II,Vaccinium bracteatum,1,10,dummy,0,viola,family,3000,TRUE,1:1:1,0.1:1:10,3000:6000:2,pca,manual,160000,0.1,onthq,30,NA,Vaccinium bracteatum,517,517,done
Biancaea_sappan-0,SRR26113665,NA,3,PACBIO_SMRT,NA,Biancaea_sappan,PRJNA1005083,Biancaea_sappan,82242684344,18419,34689,WGS,GENOMIC,Sequel II,Biancaea sappan,1,10,dummy,0,viola,family,3000,TRUE,1:1:1,0.1:1:10,3000:6000:2,pca,manual,160000,0.1,onthq,30,NA,Biancaea sappan,989,989,done
Quercus_gilva-0,SRR20725007,NA,3,PACBIO_SMRT,NA,Quercus_gilva,PRJNA833760,Quercus_gilva,30764912557,15372,20751,WGS,GENOMIC,Sequel II,Quercus gilva,1,10,dummy,0,viola,family,3000,TRUE,1:1:1,0.1:1:10,3000:6000:2,pca,manual,180000,0.1,onthq,30,NA,Quercus gilva,277,277,done
Lolium_multiflorum-0,SRR30553869,NA,3,PACBIO_SMRT,NA,Lolium_multiflorum,PRJNA1156633,Lolium_multiflorum,97564342628,15768,66263,WGS,GENOMIC,Sequel II,Lolium multiflorum,1,10,dummy,0,viola,family,3000,TRUE,1:1:1,0.1:1:10,3000:6000:2,pca,manual,180000,0.1,onthq,30,NA,Lolium multiflorum,149,149,done
Citrus_sinensis-0,SRR28327858,NA,3,PACBIO_SMRT,NA,Citrus_sinensis,PRJNA1076522,Citrus_sinensis,27108652274,15662,15172,WGS,GENOMIC,Sequel II,Citrus sinensis,1,10,dummy,0,viola,family,3000,TRUE,1:1:1,0.1:1:10,3000:6000:2,pca,manual,200000,0.1,onthq,30,NA,Citrus sinensis,233,233,done
Azolla_caroliniana-0,SRR31029405,NA,3,PACBIO_SMRT,NA,Azolla_caroliniana,PRJNA1174158,Azolla_caroliniana,30254222564,9167,14651,WGS,GENOMIC,Sequel IIe,Azolla caroliniana,1,10,dummy,0,viola,family,3000,TRUE,1:1:1,0.1:1:10,3000:6000:2,pca,manual,200000,0.1,onthq,30,NA,IIe Azolla caroliniana,769,769,done
Glebionis_coronaria-0,SRR20302832,NA,3,PACBIO_SMRT,NA,Glebionis_coronaria,PRJNA851195,Glebionis_coronaria,35337982148,15423,25506,WGS,GENOMIC,Sequel II,Glebionis coronaria,1,10,dummy,0,viola,family,3000,TRUE,0:1000:1,0.1:1:10,3000:6000:2,pca,manual,160000,0.1,onthq,30,NA,Glebionis coronaria,429,429,done
Populus_pruinosa-0,SRR20725215,NA,3,PACBIO_SMRT,NA,Populus_pruinosa,PRJNA863418,Populus_pruinosa,39514541115,14638,26519,WGS,GENOMIC,Sequel II,Populus pruinosa,1,10,dummy,0,viola,family,3000,TRUE,1:1:1,0.1:1:10,3000:6000:2,pca,manual,160000,0.1,onthq,30,NA,Populus pruinosa,201,201,done
Ipomoea_aquatica-0,SRR15928285,NA,3,PACBIO_SMRT,NA,Ipomoea_aquatica,PRJNA764042,Ipomoea_aquatica,26024822802,18954,21707,WGS,GENOMIC,Sequel II,Ipomoea aquatica,1,10,dummy,0,viola,family,3000,TRUE,1:1:1,0.1:1:10,3000:6000:2,pca,manual,160000,0.1,onthq,30,NA,Ipomoea aquatica,247,247,done
Populus_trichocarpa-0,SRR23629790,NA,3,PACBIO_SMRT,NA,Populus_trichocarpa,PRJNA939189,Populus_trichocarpa,22260681602,15576,15225,WGS,GENOMIC,Sequel II,Populus trichocarpa,1,10,dummy,0,viola,family,3000,TRUE,1:1:1,0.1:1:10,3000:6000:2,pca,manual,160000,0.1,onthq,30,NA,Populus trichocarpa,455,455,done
Erythranthe_laciniata-0,SRR30645747,NA,3,PACBIO_SMRT,NA,Erythranthe_laciniata,PRJNA1126724,Erythranthe_laciniata,30209203291,15172,18987,WGS,GENOMIC,Sequel IIe,Erythranthe laciniata,1,10,dummy,0,viola,family,3000,TRUE,1:1:1,0.1:1:10,3000:6000:2,pca,manual,160000,0.1,onthq,30,NA,IIe Erythranthe laciniata,571,571,done
Quercus_berberidifolia-0,SRR23446236,NA,3,PACBIO_SMRT,NA,Quercus_berberidifolia,PRJNA934358,Quercus_berberidifolia,58887491571,13144,33985,WGA,GENOMIC,Sequel II,Quercus berberidifolia,1,10,dummy,0,viola,family,3000,TRUE,1:1:1,0.1:1:10,3000:6000:2,pca,manual,160000,0.1,onthq,30,NA,Quercus berberidifolia,919,919,done
Fagopyrum_esculentum-0,SRR23623554,NA,3,PACBIO_SMRT,NA,Fagopyrum_esculentum,PRJNA937607,Fagopyrum_esculentum,37054872004,10730,20697,WGS,GENOMIC,Sequel,Fagopyrum esculentum,1,10,dummy,0,viola,family,3000,TRUE,1:1:1,0.1:1:10,3000:6000:2,pca,manual,160000,0.1,onthq,30,NA,Fagopyrum esculentum,447,447,done
Camelina_sativa-0,SRR25630013,NA,3,PACBIO_SMRT,NA,Camelina_sativa,PRJNA1005279,Camelina_sativa,42704250605,14517,28733,WGS,GENOMIC,Sequel II,Camelina sativa,1,10,dummy,0,viola,family,3000,TRUE,1:1:1,0.1:1:10,3000:6000:2,pca,manual,160000,0.1,onthq,30,NA,Camelina sativa,703,703,done
Cichorium_intybus-0,SRR17817362,NA,3,PACBIO_SMRT,NA,Cichorium_intybus,PRJNA798105,Cichorium_intybus,35245789435,16449,27162,WGS,GENOMIC,Sequel II,Cichorium intybus,1,10,dummy,0,viola,family,3000,TRUE,1:1:1,0.1:1:10,3000:6000:2,pca,manual,160000,0.1,onthq,30,NA,Cichorium intybus,659,659,done
Morus_mongolica-0,SRR31188304,NA,3,PACBIO_SMRT,NA,Morus_mongolica,PRJNA1174893,Morus_mongolica,31096955435,15528,10897,WGS,GENOMIC,Sequel II,Morus mongolica,1,10,dummy,0,viola,family,3000,TRUE,1:1:1,0.1:1:10,3000:6000:2,pca,manual,160000,0.1,onthq,30,NA,Morus mongolica,643,643,done
Ocimum_basilicum-0,SRR29225542,NA,3,PACBIO_SMRT,NA,Ocimum_basilicum,PRJNA1006364,Ocimum_basilicum,85037122111,18631,61274,WGS,GENOMIC,Sequel II,Ocimum basilicum,1,10,dummy,0,viola,family,3000,TRUE,1:1:1,0.1:1:10,3000:6000:2,pca,manual,160000,0.1,onthq,30,NA,Ocimum basilicum,775,775,done
Hevea_brasiliensis-0,SRR31189420,NA,3,PACBIO_SMRT,NA,Hevea_brasiliensis,PRJNA1180688,Hevea_brasiliensis,49624536071,18203,11958,WGS,GENOMIC,Sequel II,Hevea brasiliensis,1,10,dummy,0,viola,family,3000,TRUE,1:1:1,0.1:1:10,3000:6000:2,pca,manual,160000,0.1,onthq,30,NA,Hevea brasiliensis,747,747,done
Stephania_tetrandra-0,SRR31399516,NA,3,PACBIO_SMRT,NA,Stephania_tetrandra,PRJNA1183643,Stephania_tetrandra,63839253089,17149,39958,WGS,GENOMIC,Sequel IIe,Stephania tetrandra,1,10,dummy,0,viola,family,3000,TRUE,1:1:1,0.1:1:10,3000:6000:2,pca,manual,160000,0.1,onthq,30,NA,IIe Stephania tetrandra,993,993,done
Malus_domestica-0,SRR17323561,NA,3,PACBIO_SMRT,NA,Malus_domestica,PRJNA791346,Malus_domestica,20988077913,14429,14514,WGS,GENOMIC,Sequel II,Malus domestica,1,10,dummy,0,viola,family,3000,TRUE,1:1:1,0.1:1:10,3000:6000:2,pca,manual,160000,0.1,onthq,30,NA,Malus domestica,143,143,done
Noccaea_caerulescens-0,SRR29288349,NA,3,PACBIO_SMRT,NA,Noccaea_caerulescens,PRJNA1096268,Noccaea_caerulescens,30386168421,14632,19249,WGS,GENOMIC,Sequel II,Noccaea caerulescens,1,10,dummy,0,viola,family,3000,TRUE,1:1:1,0.1:1:10,3000:6000:2,pca,manual,160000,0.1,onthq,30,NA,Noccaea caerulescens,453,453,done
Solanum_cheesmaniae-0,DRR623130,NA,3,PACBIO_SMRT,NA,Solanum_cheesmaniae,PRJDB19708,Solanum_cheesmaniae,26601038062,31265,23268,WGS,GENOMIC,Sequel II,Solanum cheesmaniae,1,10,dummy,0,viola,family,3000,TRUE,1:1:1,0.1:1:10,3000:6000:2,pca,manual,160000,0.1,onthq,30,NA,Solanum cheesmaniae,487,487,done
Linanthus_parryae-0,SRR19243433,NA,3,PACBIO_SMRT,NA,Linanthus_parryae,PRJNA834142,Linanthus_parryae,77191970805,16028,53802,WGS,GENOMIC,Sequel II,Linanthus parryae,1,10,dummy,0,viola,family,3000,TRUE,1:1:1,0.1:1:10,3000:6000:2,pca,manual,160000,0.1,onthq,30,NA,Linanthus parryae,119,119,done
Lactuca_sativa-0,SRR28019648,NA,3,PACBIO_SMRT,NA,Lactuca_sativa,PRJNA1077738,Lactuca_sativa,37683608237,18241,24168,WGS,GENOMIC,Sequel IIe,Lactuca sativa,1,10,dummy,0,viola,family,3000,TRUE,1:1:1,0.1:1:10,3000:6000:2,pca,manual,160000,1.0,onthq,30,NA,IIe Lactuca sativa,955,955,done
Cyperus_esculentus-0,SRR22681821,NA,3,PACBIO_SMRT,NA,Cyperus_esculentus,PRJNA911152,Cyperus_esculentus,58234534033,18059,38337,WGS,GENOMIC,Sequel II,Cyperus esculentus,1,10,dummy,0,viola,family,3000,TRUE,1:1:1,0.1:1:10,3000:6000:2,pca,manual,160000,0.1,onthq,30,NA,Cyperus esculentus,329,329,done
Nemophila_menziesii-0,SRR25495905,NA,3,PACBIO_SMRT,NA,Nemophila_menziesii,PRJNA998867,Nemophila_menziesii,62003763403,13027,35607,WGS,GENOMIC,Sequel II,Nemophila menziesii,1,10,dummy,0,viola,family,3000,TRUE,1:1:1,0.1:1:10,3000:6000:2,pca,manual,160000,0.1,onthq,30,NA,Nemophila menziesii,829,829,done
Gleditsia_sinensis-0,SRR26069615,NA,3,PACBIO_SMRT,NA,Gleditsia_sinensis,PRJNA1005071,Gleditsia_sinensis,93665724188,18201,36589,WGS,GENOMIC,Sequel II,Gleditsia sinensis,1,10,dummy,0,viola,family,3000,TRUE,1:1:1,0.1:1:10,3000:6000:2,pca,manual,160000,0.1,onthq,30,NA,Gleditsia sinensis,985,985,done
Lithocarpus_litseifolius-0,SRR26961728,NA,3,PACBIO_SMRT,NA,Lithocarpus_litseifolius,PRJNA1045094,Lithocarpus_litseifolius,48118221895,13373,28231,WGS,GENOMIC,Sequel IIe,Lithocarpus litseifolius,1,10,dummy,0,viola,family,3000,TRUE,1:1:1,0.1:1:10,3000:6000:2,pca,manual,160000,0.1,onthq,30,NA,IIe Lithocarpus litseifolius,669,669,done
Chenopodium_quinoa-0,ERR12071863,NA,3,PACBIO_SMRT,NA,Chenopodium_quinoa,PRJEB66274,Chenopodium_quinoa,32676941221,17146,21481,WGS,GENOMIC,Sequel II,Chenopodium quinoa,1,10,dummy,0,viola,family,3000,TRUE,1:1:1,0.1:1:10,3000:6000:2,pca,manual,160000,0.1,onthq,30,NA,Chenopodium quinoa,213,213,done
Solanum_tuberosum-0,SRR16811227,NA,3,PACBIO_SMRT,NA,Solanum_tuberosum,PRJNA778192,Solanum_tuberosum,27335174158,18200,19221,WGS,GENOMIC,Sequel II,Solanum tuberosum,1,10,dummy,0,viola,family,3000,TRUE,1:1:1,0.1:1:10,3000:6000:2,pca,manual,160000,0.1,onthq,30,NA,Solanum tuberosum,535,535,done
Eschscholzia_californica-0,SRR30832750,NA,3,PACBIO_SMRT,NA,Eschscholzia_californica,PRJNA1159894,Eschscholzia_californica,27379927221,11722,16879,WGS,GENOMIC,Sequel IIe,Eschscholzia californica,1,10,dummy,0,viola,family,3000,TRUE,1:1:1,0.1:1:10,3000:6000:2,pca,manual,160000,0.1,onthq,30,NA,IIe Eschscholzia californica,943,943,done
Neostapfia_colusana-0,SRR25693254,NA,3,PACBIO_SMRT,NA,Neostapfia_colusana,PRJNA1006776,Neostapfia_colusana,63182112718,12721,37668,WGS,GENOMIC,Sequel II,Neostapfia colusana,1,10,dummy,0,viola,family,3000,TRUE,1:1:1,0.1:1:10,3000:6000:2,pca,manual,160000,0.1,onthq,30,NA,Neostapfia colusana,639,639,done
Trifolium_repens-0,SRR24821883,NA,3,PACBIO_SMRT,NA,Trifolium_repens,PRJNA979795,Trifolium_repens,29313906123,13132,16082,WGS,GENOMIC,Sequel II,Trifolium repens,1,10,dummy,0,viola,family,3000,TRUE,1:1:1,0.1:1:10,3000:6000:2,pca,manual,160000,0.1,onthq,30,NA,Trifolium repens,953,953,done
Cynara_cardunculus-0,SRR31029523,NA,3,PACBIO_SMRT,NA,Cynara_cardunculus,PRJNA1174157,Cynara_cardunculus,76972287206,12308,46039,WGS,GENOMIC,Sequel IIe,Cynara cardunculus,1,10,dummy,0,viola,family,3000,TRUE,1:1:1,0.1:1:10,3000:6000:2,pca,manual,160000,0.1,onthq,30,NA,IIe Cynara cardunculus,475,475,done
Smallanthus_sonchifolius-0,SRR18215736,NA,3,PACBIO_SMRT,NA,Smallanthus_sonchifolius,PRJNA798108,Smallanthus_sonchifolius,30595086509,16129,23256,WGS,GENOMIC,Sequel II,Smallanthus sonchifolius,1,10,dummy,0,viola,family,3000,TRUE,1:1:1,0.1:1:10,3000:6000:2,pca,manual,160000,0.1,onthq,30,NA,Smallanthus sonchifolius,789,789,done
Dillenia_suffruticosa-0,SRR26199839,NA,3,PACBIO_SMRT,NA,Dillenia_suffruticosa,PRJNA1020456,Dillenia_suffruticosa,34211103300,19457,24741,WGS,GENOMIC,Sequel II,Dillenia suffruticosa,1,10,dummy,0,viola,family,3000,TRUE,1:1:1,0.1:1:10,3000:6000:2,pca,manual,160000,0.1,onthq,30,NA,Dillenia suffruticosa,389,389,done
Heteromeles_arbutifolia-0,SRR20721975,NA,3,PACBIO_SMRT,NA,Heteromeles_arbutifolia,PRJNA863888,Heteromeles_arbutifolia,32733141214,14090,19514,WGS,GENOMIC,Sequel II,Heteromeles arbutifolia,1,10,dummy,0,viola,family,3000,TRUE,1:1:1,0.1:1:10,3000:6000:2,pca,manual,160000,0.1,onthq,30,NA,Heteromeles arbutifolia,395,395,done
Phyllospadix_torreyi-0,SRR31187416,NA,3,PACBIO_SMRT,NA,Phyllospadix_torreyi,PRJNA1178673,Phyllospadix_torreyi,34486879190,14294,21763,WGS,GENOMIC,Sequel IIe,Phyllospadix torreyi,1,10,dummy,0,viola,family,3000,TRUE,1:1:1,0.1:1:10,3000:6000:2,pca,manual,160000,0.1,onthq,30,NA,IIe Phyllospadix torreyi,421,421,done
Lupinus_luteus-0,SRR28343111,NA,3,PACBIO_SMRT,NA,Lupinus_luteus,PRJNA1087712,Lupinus_luteus,87338179745,17856,32120,WGS,GENOMIC,Sequel II,Lupinus luteus,1,10,dummy,0,viola,family,3000,TRUE,1:1:1,0.1:1:10,3000:6000:2,pca,manual,160000,0.1,onthq,30,NA,Lupinus luteus,843,843,done
Fragaria_chiloensis-0,SRR18479000,NA,3,PACBIO_SMRT,NA,Fragaria_chiloensis,PRJNA812950,Fragaria_chiloensis,17868336647,9349,10017,WGS,GENOMIC,Sequel II,Fragaria chiloensis,1,10,dummy,0,viola,family,3000,TRUE,1:1:1,0.1:1:10,3000:6000:2,pca,manual,160000,0.1,onthq,30,NA,Fragaria chiloensis,365,365,done
Thalia_dealbata-0,SRR23719356,NA,3,PACBIO_SMRT,NA,Thalia_dealbata,PRJNA941156,Thalia_dealbata,23744928070,17300,14499,WGS,GENOMIC,Sequel II,Thalia dealbata,1,10,dummy,0,viola,family,3000,TRUE,1:1:1,0.1:1:10,3000:6000:2,pca,manual,160000,0.1,onthq,30,NA,Thalia dealbata,801,801,done
Quercus_glauca-0,SRR20997958,NA,3,PACBIO_SMRT,NA,Quercus_glauca,PRJNA868092,Quercus_glauca,33035123466,24522,29165,WGS,GENOMIC,Sequel,Quercus glauca,1,10,dummy,0,viola,family,3000,TRUE,1:1:1,0.1:1:10,3000:6000:2,pca,manual,160000,0.1,onthq,30,NA,Quercus glauca,391,391,done
Oryza_coarctata-0,SRR28024369,NA,3,PACBIO_SMRT,NA,Oryza_coarctata,PRJNA439330,Oryza_coarctata,29295780617,19814,21264,WGS,GENOMIC,Sequel IIe,Oryza coarctata,1,10,dummy,0,viola,family,3000,TRUE,1:1:1,0.1:1:10,3000:6000:2,pca,manual,160000,0.1,onthq,30,NA,IIe Oryza coarctata,439,439,done
Triticum_timopheevii-0,ERR12409316,NA,3,PACBIO_SMRT,NA,Triticum_timopheevii,PRJEB71660,Triticum_timopheevii,35716109179,18202,26598,WGS,GENOMIC,Sequel II,Triticum timopheevii,1,10,dummy,0,viola,family,3000,TRUE,1:1:1,0.1:1:10,3000:6000:2,pca,manual,160000,0.1,onthq,30,NA,Triticum timopheevii,637,637,done
Chionographis_japonica-0,ERR10639471,NA,3,PACBIO_SMRT,NA,Chionographis_japonica,PRJEB58125,Chionographis_japonica,20063410795,14272,13254,WGS,GENOMIC,Sequel II,Chionographis japonica,1,10,dummy,0,viola,family,3000,TRUE,1:1:1,0.1:1:10,3000:6000:2,pca,manual,160000,0.1,onthq,30,NA,Chionographis japonica,713,713,done
Aegilops_umbellulata-0,ERR11517592,NA,3,PACBIO_SMRT,NA,Aegilops_umbellulata,PRJEB62719,Aegilops_umbellulata,34749641469,16397,13791,WGS,GENOMIC,Sequel II,Aegilops umbellulata,1,10,dummy,0,viola,family,3000,TRUE,1:1:1,0.1:1:10,3000:6000:2,umap,manual,160000,0.1,onthq,30,NA,Aegilops umbellulata,895,895,done
Aegilops_umbellulata-1,ERR11517592,NA,3,PACBIO_SMRT,NA,Aegilops_umbellulata,PRJEB62719,Aegilops_umbellulata,34749641469,16397,13791,WGS,GENOMIC,Sequel II,Aegilops umbellulata,1,10,dummy,0,viola,family,3000,TRUE,1:1:1,0.1:1:10,3000:6000:2,umap,manual,160000,0.1,onthq,30,NA,Aegilops umbellulata,895,895,done
Campeiostachys_kamoji-0,SRR32962519,NA,3,PACBIO_SMRT,NA,Campeiostachys_kamoji,PRJNA1235489,Campeiostachys_kamoji,41686648639,19729,29412,WGS,GENOMIC,Sequel II,Campeiostachys kamoji,1,10,dummy,0,viola,family,3000,TRUE,1:1:1,0.1:1:10,3000:6000:2,pca,manual,160000,0.1,onthq,30,NA,Campeiostachys kamoji,147,147,done
Urochloa_decumbens-0,ERR12916402,NA,3,PACBIO_SMRT,NA,Urochloa_decumbens,PRJEB73762,Urochloa_decumbens,28594163913,18449,20566,WGS,GENOMIC,Sequel IIe,Urochloa decumbens,1,10,dummy,0,viola,family,3000,TRUE,1:1:1,0.1:1:10,3000:6000:2,pca,manual,160000,0.1,onthq,30,NA,IIe Urochloa decumbens,841,841,done
Helianthus_tuberosus-0,SRR23004859,NA,3,PACBIO_SMRT,NA,Helianthus_tuberosus,PRJNA918503,Helianthus_tuberosus,32152513098,12759,21401,WGA,GENOMIC,Sequel II,Helianthus tuberosus,1,10,dummy,0,viola,family,3000,TRUE,1:1:1,0.1:1:10,3000:6000:2,pca,manual,160000,0.1,onthq,30,NA,Helianthus tuberosus,815,815,done
Quercus_engelmannii-0,SRR25495897,NA,3,PACBIO_SMRT,NA,Quercus_engelmannii,PRJNA998858,Quercus_engelmannii,59689236308,15561,28939,WGS,GENOMIC,Sequel II,Quercus engelmannii,1,10,dummy,0,viola,family,3000,TRUE,1:1:1,0.1:1:10,3000:6000:2,pca,manual,160000,0.1,onthq,30,NA,Quercus engelmannii,259,259,done
Glebionis_segetum-0,SRR28126948,NA,3,PACBIO_SMRT,NA,Glebionis_segetum,PRJNA1081475,Glebionis_segetum,259177784832,16191,96859,WGS,GENOMIC,Sequel II,Glebionis segetum,1,10,dummy,0,viola,family,3000,TRUE,1:1:1,0.1:1:10,3000:6000:2,pca,manual,160000,0.1,onthq,30,NA,Glebionis segetum,171,171,done
Delonix_regia-0,SRR26105359,NA,3,PACBIO_SMRT,NA,Delonix_regia,PRJNA1005069,Delonix_regia,93561798393,13394,32898,WGS,GENOMIC,Sequel II,Delonix regia,1,10,dummy,0,viola,family,3000,TRUE,1:1:1,0.1:1:10,3000:6000:2,pca,manual,160000,0.1,onthq,30,NA,Delonix regia,725,725,done
Malus_niedzwetzkyana-0,SRR30127381,NA,3,PACBIO_SMRT,NA,Malus_niedzwetzkyana,PRJNA1143952,Malus_niedzwetzkyana,29420045866,18159,18525,WGS,GENOMIC,Sequel II,Malus niedzwetzkyana,1,10,dummy,0,viola,family,3000,TRUE,1:1:1,0.1:1:10,3000:6000:2,pca,manual,160000,0.1,onthq,30,NA,Malus niedzwetzkyana,161,161,done
Selenicereus_monacanthus-0,SRR31557927,NA,3,PACBIO_SMRT,NA,Selenicereus_monacanthus,PRJNA1192404,Selenicereus_monacanthus,81620754299,20063,34161,WGS,GENOMIC,Sequel II,Selenicereus monacanthus,1,10,dummy,0,viola,family,3000,TRUE,1:1:1,0.1:1:10,3000:6000:2,pca,manual,160000,0.1,onthq,30,NA,Selenicereus monacanthus,379,379,done
Platanus_racemosa-0,SRR30989161,NA,3,PACBIO_SMRT,NA,Platanus_racemosa,PRJNA1172707,Platanus_racemosa,23989495621,9854,14263,WGS,GENOMIC,Sequel IIe,Platanus racemosa,1,10,dummy,0,viola,family,3000,TRUE,1:1:1,0.1:1:10,3000:6000:2,pca,manual,160000,0.1,onthq,30,NA,IIe Platanus racemosa,707,707,done
Marah_fabacea-0,SRR32885746,NA,3,PACBIO_SMRT,NA,Marah_fabacea,PRJNA1178667,Marah_fabacea,22544211517,10108,14359,WGS,GENOMIC,Sequel IIe,Marah fabacea,1,10,dummy,0,viola,family,3000,TRUE,1:1:1,0.1:1:10,3000:6000:2,pca,manual,160000,0.1,onthq,30,NA,IIe Marah fabacea,159,159,done
Prinsepia_uniflora-0,SRR26457063,NA,3,PACBIO_SMRT,NA,Prinsepia_uniflora,PRJNA1017129,Prinsepia_uniflora,26769538183,16328,18220,WGS,GENOMIC,Sequel II,Prinsepia uniflora,1,10,dummy,0,viola,family,3000,TRUE,1:1:1,0.1:1:10,3000:6000:2,pca,manual,160000,0.1,onthq,30,NA,Prinsepia uniflora,511,511,done
Leucaena_leucocephala-0,SRR27541573,NA,3,PACBIO_SMRT,NA,Leucaena_leucocephala,PRJNA1005077,Leucaena_leucocephala,309075373749,17570,124834,WGS,GENOMIC,Sequel II,Leucaena leucocephala,1,10,dummy,0,viola,family,3000,TRUE,1:1:1,0.1:1:10,3000:6000:2,pca,manual,160000,0.1,onthq,30,NA,Leucaena leucocephala,549,549,done
Gossypium_raimondii-0,SRR18218273,NA,3,PACBIO_SMRT,NA,Gossypium_raimondii,PRJNA812351,Gossypium_raimondii,38186876358,14846,26191,WGS,GENOMIC,Sequel II,Gossypium raimondii,1,10,dummy,0,viola,family,3000,TRUE,1:1:1,0.1:1:10,3000:6000:2,pca,manual,160000,0.1,onthq,30,NA,Gossypium raimondii,875,875,done
Carduus_pycnocephalus-0,SRR30989398,NA,3,PACBIO_SMRT,NA,Carduus_pycnocephalus,PRJNA1172710,Carduus_pycnocephalus,65383110744,14255,41736,WGS,GENOMIC,Sequel IIe,Carduus pycnocephalus,1,10,dummy,0,viola,family,3000,TRUE,1:1:1,0.1:1:10,3000:6000:2,pca,manual,160000,0.1,onthq,30,NA,IIe Carduus pycnocephalus,337,337,done
Cochlearia_groenlandica-0,SRR26526836,NA,3,PACBIO_SMRT,NA,Cochlearia_groenlandica,PRJNA1032157,Cochlearia_groenlandica,30156453417,18429,20280,WGS,GENOMIC,Sequel II,Cochlearia groenlandica,1,10,dummy,0,viola,family,3000,TRUE,1:1:1,0.1:1:10,3000:6000:2,pca,manual,160000,0.1,onthq,30,NA,Cochlearia groenlandica,883,883,done
Haloxylon_ammodendron-0,SRR17129371,NA,3,PACBIO_SMRT,NA,Haloxylon_ammodendron,PRJNA786049,Haloxylon_ammodendron,22596680507,15811,14938,WGS,GENOMIC,Sequel II,Haloxylon ammodendron,1,10,dummy,0,viola,family,3000,TRUE,1:1:1,0.1:1:10,3000:6000:2,pca,manual,160000,0.1,onthq,30,NA,Haloxylon ammodendron,315,315,done
Penstemon_fruticosus-0,SRR24386466,NA,3,PACBIO_SMRT,NA,Penstemon_fruticosus,PRJNA965820,Penstemon_fruticosus,27381265810,18040,19218,WGA,GENOMIC,Sequel II,Penstemon fruticosus,1,10,dummy,0,viola,family,3000,TRUE,1:1:1,0.1:1:10,3000:6000:2,pca,manual,160000,0.1,onthq,30,NA,Penstemon fruticosus,437,437,done
Prunus_campanulata-0,SRR30780785,NA,3,PACBIO_SMRT,NA,Prunus_campanulata,PRJNA1162277,Prunus_campanulata,30536706804,16119,20382,WGS,GENOMIC,Sequel IIe,Prunus campanulata,1,10,dummy,0,viola,family,3000,TRUE,1:1:1,0.1:1:10,3000:6000:2,pca,manual,160000,0.1,onthq,30,NA,IIe Prunus campanulata,413,413,done
Brassica_napus-0,SRR27310020,NA,3,PACBIO_SMRT,NA,Brassica_napus,PRJNA1055348,Brassica_napus,45047911363,16319,33565,WGS,GENOMIC,Sequel II,Brassica napus,1,10,dummy,0,viola,family,3000,TRUE,1:1:1,0.1:1:10,3000:6000:2,pca,manual,160000,0.1,onthq,30,NA,Brassica napus,197,197,done
Bromus_tectorum-0,SRR30991388,NA,3,PACBIO_SMRT,NA,Bromus_tectorum,PRJNA1172708,Bromus_tectorum,64918646992,12406,38397,WGS,GENOMIC,Sequel IIe,Bromus tectorum,1,10,dummy,0,viola,family,3000,TRUE,1:1:1,0.1:1:10,3000:6000:2,pca,manual,160000,0.1,onthq,30,NA,IIe Bromus tectorum,339,339,done
Umbellularia_californica-0,SRR23630149,NA,3,PACBIO_SMRT,NA,Umbellularia_californica,PRJNA939195,Umbellularia_californica,62830574468,13917,38751,WGS,GENOMIC,Sequel II,Umbellularia californica,1,10,dummy,0,viola,family,3000,TRUE,1:1:1,0.1:1:10,3000:6000:2,pca,manual,160000,0.1,onthq,30,NA,Umbellularia californica,799,799,done
Salix_purpurea-0,SRR21824870,NA,3,PACBIO_SMRT,NA,Salix_purpurea,PRJNA887746,Salix_purpurea,32939711618,21934,23399,WGS,GENOMIC,Sequel II,Salix purpurea,1,10,dummy,0,viola,family,3000,TRUE,1:1:1,0.1:1:10,3000:6000:2,pca,manual,160000,0.1,onthq,30,NA,Salix purpurea,293,293,done
Thinopyrum_intermedium-0,SRR32750176,NA,3,PACBIO_SMRT,NA,Thinopyrum_intermedium,PRJNA1235488,Thinopyrum_intermedium,31334244110,15718,23879,WGS,GENOMIC,Sequel II,Thinopyrum intermedium,1,10,dummy,0,viola,family,3000,TRUE,1:1:1,0.1:1:10,3000:6000:2,pca,manual,160000,0.1,onthq,30,NA,Thinopyrum intermedium,449,449,done
Quercus_wislizeni-0,SRR19243399,NA,3,PACBIO_SMRT,NA,Quercus_wislizeni,PRJNA834135,Quercus_wislizeni,34633879769,13864,19546,WGS,GENOMIC,Sequel II,Quercus wislizeni,1,10,dummy,0,viola,family,3000,TRUE,1:1:1,0.1:1:10,3000:6000:2,pca,manual,160000,0.1,onthq,30,NA,Quercus wislizeni,741,741,done
Mimosa_bimucronata-0,SRR26065112,NA,3,PACBIO_SMRT,NA,Mimosa_bimucronata,PRJNA1005073,Mimosa_bimucronata,86174738608,15554,32042,WGS,GENOMIC,Sequel II,Mimosa bimucronata,1,10,dummy,0,viola,family,3000,TRUE,1:1:1,0.1:1:10,3000:6000:2,pca,manual,160000,0.1,onthq,30,NA,Mimosa bimucronata,559,559,done
Pachyrhizus_erosus-0,SRR25528787,NA,3,PACBIO_SMRT,NA,Pachyrhizus_erosus,PRJNA1002465,Pachyrhizus_erosus,79479730694,19145,55459,WGS,GENOMIC,Sequel II,Pachyrhizus erosus,1,10,dummy,0,viola,family,3000,TRUE,1:1:1,0.1:1:10,3000:6000:2,pca,manual,160000,0.1,onthq,30,NA,Pachyrhizus erosus,135,135,done
Quercus_tomentella-0,SRR23447377,NA,3,PACBIO_SMRT,NA,Quercus_tomentella,PRJNA934386,Quercus_tomentella,30621722033,16217,18246,WGS,GENOMIC,Sequel II,Quercus tomentella,1,10,dummy,0,viola,family,3000,TRUE,1:1:1,0.1:1:10,3000:6000:2,pca,manual,160000,0.1,onthq,30,NA,Quercus tomentella,305,305,done
Camellia_gigantocarpa-0,SRR27163355,NA,3,PACBIO_SMRT,NA,Camellia_gigantocarpa,PRJNA1050642,Camellia_gigantocarpa,105368148144,14629,67838,WGS,GENOMIC,Sequel II,Camellia gigantocarpa,1,10,dummy,0,viola,family,3000,TRUE,1:1:1,0.1:1:10,3000:6000:2,pca,manual,160000,0.1,onthq,30,NA,Camellia gigantocarpa,981,981,done
Layia_glandulosa-0,SRR33319748,NA,3,PACBIO_SMRT,NA,Layia_glandulosa,PRJNA1255632,Layia_glandulosa,81185657600,13266,51381,WGS,GENOMIC,Sequel II,Layia glandulosa,1,10,dummy,0,viola,family,3000,TRUE,1:1:1,0.1:1:10,3000:6000:2,pca,manual,160000,0.1,onthq,30,NA,Layia glandulosa,781,781,done
Test_angustus-0,anthoceros_angustus,anthoceros_angustus,1,ONT,NA,Anthoceros_angustus,NA,Anthoceros_angustus,NA,NA,NA,WGS,GENOMIC,NA,Anthoceros angustus,1,10,dummy,0,lab04,family,3000,TRUE,1:1:3,0.1:1:12,3000:6000:4,pca,manual,160000,0.1,onthq,30,NA,Anthoceros angustus,751,751,done
Test_species-0,l,s,2,ONT,NA,Anthoceros_agrestis,NA,Anthoceros_agrestis,NA,NA,NA,WGS,GENOMIC,NA,Anthoceros agrestis,1,10,dummy,0,lab01,family,3000,TRUE,1:1:13,0.1:1:22,3000:6000:14,pca,manual,160000,0.1,onthq,30,NA,Anthoceros agrestis,929,929,done
Test_species-1,l,s,2,ONT,NA,Anthoceros_agrestis,NA,Anthoceros_agrestis,NA,NA,NA,WGS,GENOMIC,NA,Anthoceros agrestis,1,10,dummy,0,lab01,family,3000,TRUE,1:1:13,0.1:1:22,3000:6000:14,pca,manual,160000,0.1,onthq,30,NA,Anthoceros agrestis,457,457,done
Taxon_genus-0,l,s,2,ONT,NA,Eucalyptus_pauciflora,NA,Eucalyptus_pauciflora,NA,NA,NA,WGS,GENOMIC,NA,Eucalyptus pauciflora,1,10,dummy,0,lab07,family,3000,TRUE,1:1:21,0.1:1:30,3000:6000:22,pca,manual,160000,0.1,onthq,30,NA,Eucalyptus pauciflora,127,127,done
Taxon_genus-1,l,s,2,ONT,NA,Eucalyptus_pauciflora,NA,Eucalyptus_pauciflora,NA,NA,NA,WGS,GENOMIC,NA,Eucalyptus pauciflora,1,10,dummy,0,lab07,family,3000,TRUE,1:1:21,0.1:1:30,3000:6000:22,pca,manual,160000,0.1,onthq,30,NA,Eucalyptus pauciflora,489,489,done
Carex_pseudochinensis-0,SRR30757341,SRR30757340,1,ONT,NA,Carex_pseudochinensis,NA,Carex_pseudochinensis,NA,NA,NA,WGS,GENOMIC,NA,Carex pseudochinensis,1,10,dummy,0,lab04,family,3000,TRUE,1:1:1,0.1:1:10,3000:6000:2,pca,manual,160000,0.1,onthq,30,NA,Carex pseudochinensis,239,239,done
Carex_pseudochinensis-1,SRR30757341,SRR30757340,1,ONT,NA,Carex_pseudochinensis,NA,Carex_pseudochinensis,NA,NA,NA,WGS,GENOMIC,NA,Carex pseudochinensis,1,10,dummy,0,lab04,family,3000,TRUE,1:1:1,0.1:1:10,3000:6000:2,pca,manual,160000,0.1,onthq,30,NA,Carex pseudochinensis,239,239,done
Carex_pseudochinensis-2,SRR30757341,SRR30757340,1,ONT,NA,Carex_pseudochinensis,NA,Carex_pseudochinensis,NA,NA,NA,WGS,GENOMIC,NA,Carex pseudochinensis,1,10,dummy,0,lab04,family,3000,TRUE,1:1:1,0.1:1:10,3000:6000:2,pca,manual,160000,0.1,onthq,30,NA,Carex pseudochinensis,239,239,done
Lolium_perenne-0,SRR13386519,SRR13386518,1,ONT,NA,Lolium_perenne,NA,Lolium_perenne,NA,NA,NA,WGS,GENOMIC,NA,Lolium perenne,1,10,dummy,0,viola,family,3000,TRUE,1:1:2,0.1:1:11,3000:6000:3,pca,manual,160000,0.1,onthq,30,NA,Lolium perenne,347,347,done
Lolium_perenne-1,SRR13386519,SRR13386518,1,ONT,NA,Lolium_perenne,NA,Lolium_perenne,NA,NA,NA,WGS,GENOMIC,NA,Lolium perenne,1,10,dummy,0,viola,family,3000,TRUE,1:1:2,0.1:1:11,3000:6000:3,pca,manual,160000,0.1,onthq,30,NA,Lolium perenne,347,347,done
Lolium_perenne-2,SRR13386519,SRR13386518,1,ONT,NA,Lolium_perenne,NA,Lolium_perenne,NA,NA,NA,WGS,GENOMIC,NA,Lolium perenne,1,10,dummy,0,viola,family,3000,TRUE,1:1:2,0.1:1:11,3000:6000:3,pca,manual,160000,0.1,onthq,30,NA,Lolium perenne,347,347,done
Anthoceros_angustus-0,SRR9696346,SRR9662965,1,ONT,NA,Anthoceros_angustus,NA,Anthoceros_angustus,NA,NA,NA,WGS,GENOMIC,NA,Anthoceros angustus,1,10,dummy,0,lab04,family,3000,TRUE,1:1:3,0.1:1:12,3000:6000:4,pca,manual,160000,0.1,onthq,30,NA,Anthoceros angustus,751,751,done
Anthoceros_angustus-1,SRR9696346,SRR9662965,1,ONT,NA,Anthoceros_angustus,NA,Anthoceros_angustus,NA,NA,NA,WGS,GENOMIC,NA,Anthoceros angustus,1,10,dummy,0,lab04,family,3000,TRUE,1:1:3,0.1:1:12,3000:6000:4,pca,manual,160000,0.1,onthq,30,NA,Anthoceros angustus,751,751,done
Anthoceros_angustus-2,SRR9696346,SRR9662965,1,ONT,NA,Anthoceros_angustus,NA,Anthoceros_angustus,NA,NA,NA,WGS,GENOMIC,NA,Anthoceros angustus,1,10,dummy,0,lab04,family,3000,TRUE,1:1:3,0.1:1:12,3000:6000:4,pca,manual,160000,0.1,onthq,30,NA,Anthoceros angustus,751,751,done
Macadamia_tetraphylla-0,SRR10424548,SRR10424549,1,ONT,NA,Macadamia_tetraphylla,NA,Macadamia_tetraphylla,NA,NA,NA,WGS,GENOMIC,NA,Macadamia tetraphylla,1,10,dummy,0,lab07,family,3000,TRUE,1:1:4,0.1:1:13,3000:6000:5,pca,manual,160000,0.1,onthq,30,NA,Macadamia tetraphylla,849,849,done
Macadamia_tetraphylla-1,SRR10424548,SRR10424549,1,ONT,NA,Macadamia_tetraphylla,NA,Macadamia_tetraphylla,NA,NA,NA,WGS,GENOMIC,NA,Macadamia tetraphylla,1,10,dummy,0,lab07,family,3000,TRUE,1:1:4,0.1:1:13,3000:6000:5,pca,manual,160000,0.1,onthq,30,NA,Macadamia tetraphylla,849,849,done
Macadamia_tetraphylla-2,SRR10424548,SRR10424549,1,ONT,NA,Macadamia_tetraphylla,NA,Macadamia_tetraphylla,NA,NA,NA,WGS,GENOMIC,NA,Macadamia tetraphylla,1,10,dummy,0,lab07,family,3000,TRUE,1:1:4,0.1:1:13,3000:6000:5,pca,manual,160000,0.1,onthq,30,NA,Macadamia tetraphylla,849,849,done
Vigna_radiata-0,SRR12549541,SRR12549533,1,ONT,NA,Vigna_radiata,NA,Vigna_radiata,NA,NA,NA,WGS,GENOMIC,NA,Vigna radiata,1,10,dummy,0,lab02,family,3000,TRUE,1:1:6,0.1:1:15,3000:6000:7,pca,manual,160000,0.1,onthq,30,NA,Vigna radiata,935,935,done
Vigna_radiata-1,SRR12549541,SRR12549533,1,ONT,NA,Vigna_radiata,NA,Vigna_radiata,NA,NA,NA,WGS,GENOMIC,NA,Vigna radiata,1,10,dummy,0,lab02,family,3000,TRUE,1:1:6,0.1:1:15,3000:6000:7,pca,manual,160000,0.1,onthq,30,NA,Vigna radiata,935,935,done
Vigna_radiata-2,SRR12549541,SRR12549533,1,ONT,NA,Vigna_radiata,NA,Vigna_radiata,NA,NA,NA,WGS,GENOMIC,NA,Vigna radiata,1,10,dummy,0,lab02,family,3000,TRUE,1:1:6,0.1:1:15,3000:6000:7,pca,manual,160000,0.1,onthq,30,NA,Vigna radiata,935,935,done
Brassica_rapa-0,ERR6210792,ERR6210790,1,ONT,NA,Brassica_rapa,NA,Brassica_rapa,NA,NA,NA,WGS,GENOMIC,NA,Brassica rapa,1,10,dummy,0,lab01,family,3000,TRUE,1:1:7,0.1:1:16,3000:6000:8,pca,manual,160000,0.1,onthq,30,NA,Brassica rapa,211,211,done
Brassica_rapa-1,ERR6210792,ERR6210790,1,ONT,NA,Brassica_rapa,NA,Brassica_rapa,NA,NA,NA,WGS,GENOMIC,NA,Brassica rapa,1,10,dummy,0,lab01,family,3000,TRUE,1:1:7,0.1:1:16,3000:6000:8,pca,manual,160000,0.1,onthq,30,NA,Brassica rapa,211,211,done
Brassica_rapa-2,ERR6210792,ERR6210790,1,ONT,NA,Brassica_rapa,NA,Brassica_rapa,NA,NA,NA,WGS,GENOMIC,NA,Brassica rapa,1,10,dummy,0,lab01,family,3000,TRUE,1:1:7,0.1:1:16,3000:6000:8,pca,manual,160000,0.1,onthq,30,NA,Brassica rapa,211,211,done
Trifolium_pratense-0,SRR15433794,SRR15433795,1,ONT,NA,Trifolium_pratense,NA,Trifolium_pratense,NA,NA,NA,WGS,GENOMIC,NA,Trifolium pratense,1,10,dummy,0,lab06,family,3000,TRUE,1:1:8,0.1:1:17,3000:6000:9,pca,manual,160000,0.1,onthq,30,NA,Trifolium pratense,583,583,done
Trifolium_pratense-1,SRR15433794,SRR15433795,1,ONT,NA,Trifolium_pratense,NA,Trifolium_pratense,NA,NA,NA,WGS,GENOMIC,NA,Trifolium pratense,1,10,dummy,0,lab06,family,3000,TRUE,1:1:8,0.1:1:17,3000:6000:9,pca,manual,160000,0.1,onthq,30,NA,Trifolium pratense,583,583,done
Trifolium_pratense-2,SRR15433794,SRR15433795,1,ONT,NA,Trifolium_pratense,NA,Trifolium_pratense,NA,NA,NA,WGS,GENOMIC,NA,Trifolium pratense,1,10,dummy,0,lab06,family,3000,TRUE,1:1:8,0.1:1:17,3000:6000:9,pca,manual,160000,0.1,onthq,30,NA,Trifolium pratense,583,583,done
Punica_granatum-0,SRR24893686,SRR24893685,1,ONT,NA,Punica_granatum,NA,Punica_granatum,NA,NA,NA,WGS,GENOMIC,NA,Punica granatum,1,10,dummy,0,jeff,family,3000,TRUE,1:1:10,0.1:1:19,3000:6000:11,pca,manual,160000,0.1,onthq,30,NA,Punica granatum,235,235,done
Punica_granatum-1,SRR24893686,SRR24893685,1,ONT,NA,Punica_granatum,NA,Punica_granatum,NA,NA,NA,WGS,GENOMIC,NA,Punica granatum,1,10,dummy,0,jeff,family,3000,TRUE,1:1:10,0.1:1:19,3000:6000:11,pca,manual,160000,0.1,onthq,30,NA,Punica granatum,235,235,done
Punica_granatum-2,SRR24893686,SRR24893685,1,ONT,NA,Punica_granatum,NA,Punica_granatum,NA,NA,NA,WGS,GENOMIC,NA,Punica granatum,1,10,dummy,0,jeff,family,3000,TRUE,1:1:10,0.1:1:19,3000:6000:11,pca,manual,160000,0.1,onthq,30,NA,Punica granatum,235,235,done
Taraxacum_mongolicum-0,SRR19182970,SRR19182971,1,ONT,NA,Taraxacum_mongolicum,NA,Taraxacum_mongolicum,NA,NA,NA,WGS,GENOMIC,NA,Taraxacum mongolicum,1,10,dummy,0,jeff,family,3000,TRUE,1:1:11,0.1:1:20,3000:6000:12,pca,manual,160000,0.1,onthq,30,NA,Taraxacum mongolicum,363,363,done
Taraxacum_mongolicum-1,SRR19182970,SRR19182971,1,ONT,NA,Taraxacum_mongolicum,NA,Taraxacum_mongolicum,NA,NA,NA,WGS,GENOMIC,NA,Taraxacum mongolicum,1,10,dummy,0,jeff,family,3000,TRUE,1:1:11,0.1:1:20,3000:6000:12,pca,manual,160000,0.1,onthq,30,NA,Taraxacum mongolicum,363,363,done
Taraxacum_mongolicum-2,SRR19182970,SRR19182971,1,ONT,NA,Taraxacum_mongolicum,NA,Taraxacum_mongolicum,NA,NA,NA,WGS,GENOMIC,NA,Taraxacum mongolicum,1,10,dummy,0,jeff,family,3000,TRUE,1:1:11,0.1:1:20,3000:6000:12,pca,manual,160000,0.1,onthq,30,NA,Taraxacum mongolicum,363,363,done
Salix_dunnii-0,SRR12893432,SRR12893433,1,ONT,NA,Salix_dunnii,NA,Salix_dunnii,NA,NA,NA,WGS,GENOMIC,NA,Salix dunnii,1,10,dummy,0,siepel,family,3000,TRUE,1:1:12,0.1:1:21,3000:6000:13,pca,manual,160000,0.1,onthq,30,NA,Salix dunnii,393,393,done
Salix_dunnii-1,SRR12893432,SRR12893433,1,ONT,NA,Salix_dunnii,NA,Salix_dunnii,NA,NA,NA,WGS,GENOMIC,NA,Salix dunnii,1,10,dummy,0,siepel,family,3000,TRUE,1:1:12,0.1:1:21,3000:6000:13,pca,manual,160000,0.1,onthq,30,NA,Salix dunnii,393,393,done
Salix_dunnii-2,SRR12893432,SRR12893433,1,ONT,NA,Salix_dunnii,NA,Salix_dunnii,NA,NA,NA,WGS,GENOMIC,NA,Salix dunnii,1,10,dummy,0,siepel,family,3000,TRUE,1:1:12,0.1:1:21,3000:6000:13,pca,manual,160000,0.1,onthq,30,NA,Salix dunnii,393,393,done
Anthoceros_agrestis-0,SRR10190639,SRR10250248,2,ONT,NA,Anthoceros_agrestis,NA,Anthoceros_agrestis,NA,NA,NA,WGS,GENOMIC,NA,Anthoceros agrestis,1,10,dummy,0,lab01,family,3000,TRUE,1:1:13,0.1:1:22,3000:6000:14,pca,manual,160000,0.1,onthq,30,NA,Anthoceros agrestis,661,661,done
Anthoceros_agrestis-1,SRR10190639,SRR10250248,2,ONT,NA,Anthoceros_agrestis,NA,Anthoceros_agrestis,NA,NA,NA,WGS,GENOMIC,NA,Anthoceros agrestis,1,10,dummy,0,lab01,family,3000,TRUE,1:1:13,0.1:1:22,3000:6000:14,pca,manual,160000,0.1,onthq,30,NA,Anthoceros agrestis,633,633,done
Anthoceros_agrestis-2,SRR10190639,SRR10250248,2,ONT,NA,Anthoceros_agrestis,NA,Anthoceros_agrestis,NA,NA,NA,WGS,GENOMIC,NA,Anthoceros agrestis,1,10,dummy,0,lab01,family,3000,TRUE,1:1:13,0.1:1:22,3000:6000:14,pca,manual,160000,0.1,onthq,30,NA,Anthoceros agrestis,633,633,done
Arabidopsis_thaliana-0,ERR2173373,ERR2173372,2,ONT,NA,Arabidopsis_thaliana,NA,Arabidopsis_thaliana,NA,NA,NA,WGS,GENOMIC,NA,Arabidopsis thaliana,1,0.1,dummy,0,lab03,family,3000,TRUE,1:1:14,0.1:1:23,3000:6000:15,pca,manual,160000,0.1,onthq,30,NA,Arabidopsis thaliana,967,967,done
Arabidopsis_thaliana-1,ERR2173373,ERR2173372,2,ONT,NA,Arabidopsis_thaliana,NA,Arabidopsis_thaliana,NA,NA,NA,WGS,GENOMIC,NA,Arabidopsis thaliana,1,1,dummy,0,lab03,family,3000,TRUE,1:1:14,0.1:1:23,3000:6000:15,pca,manual,160000,0.1,onthq,30,NA,Arabidopsis thaliana,531,531,done
Arabidopsis_thaliana-2,ERR2173373,ERR2173372,2,ONT,NA,Arabidopsis_thaliana,NA,Arabidopsis_thaliana,NA,NA,NA,WGS,GENOMIC,NA,Arabidopsis thaliana,1,1,dummy,0,lab03,family,3000,TRUE,1:1:14,0.1:1:23,3000:6000:15,pca,manual,160000,0.1,onthq,30,NA,Arabidopsis thaliana,531,531,done
Canavalia_ensiformis-0,SRR18714551,SRR18714547,2,ONT,NA,Canavalia_ensiformis,NA,Canavalia_ensiformis,NA,NA,NA,WGS,GENOMIC,NA,Canavalia ensiformis,1,10,dummy,0,lab07,family,3000,TRUE,1:1:15,0.1:1:24,3000:6000:16,pca,manual,160000,0.1,onthq,30,NA,Canavalia ensiformis,485,485,done
Canavalia_ensiformis-1,SRR18714551,SRR18714547,2,ONT,NA,Canavalia_ensiformis,NA,Canavalia_ensiformis,NA,NA,NA,WGS,GENOMIC,NA,Canavalia ensiformis,1,10,dummy,0,lab07,family,3000,TRUE,1:1:15,0.1:1:24,3000:6000:16,pca,manual,160000,0.1,onthq,30,NA,Canavalia ensiformis,673,673,done
Canavalia_ensiformis-2,SRR18714551,SRR18714547,2,ONT,NA,Canavalia_ensiformis,NA,Canavalia_ensiformis,NA,NA,NA,WGS,GENOMIC,NA,Canavalia ensiformis,1,10,dummy,0,lab07,family,3000,TRUE,1:1:15,0.1:1:24,3000:6000:16,pca,manual,160000,0.1,onthq,30,NA,Canavalia ensiformis,673,673,done
Cinchona_pubescens-0,SRR20784020,SRR20784021,2,ONT,NA,Cinchona_pubescens,NA,Cinchona_pubescens,NA,NA,NA,WGS,GENOMIC,NA,Cinchona pubescens,1,10,dummy,0,viola,family,3000,TRUE,1:1:16,0.1:1:25,3000:6000:17,pca,manual,160000,0.1,onthq,30,NA,Cinchona pubescens,175,175,done
Cinchona_pubescens-1,SRR20784020,SRR20784021,2,ONT,NA,Cinchona_pubescens,NA,Cinchona_pubescens,NA,NA,NA,WGS,GENOMIC,NA,Cinchona pubescens,1,10,dummy,0,viola,family,3000,TRUE,1:1:16,0.1:1:25,3000:6000:17,pca,manual,160000,0.1,onthq,30,NA,Cinchona pubescens,361,361,done
Cinchona_pubescens-2,SRR20784020,SRR20784021,2,ONT,NA,Cinchona_pubescens,NA,Cinchona_pubescens,NA,NA,NA,WGS,GENOMIC,NA,Cinchona pubescens,1,10,dummy,0,viola,family,3000,TRUE,1:1:16,0.1:1:25,3000:6000:17,pca,manual,160000,0.1,onthq,30,NA,Cinchona pubescens,361,361,done
Codonopsis_lanceolata-0,SRR11585869,SRR11585868,2,ONT,NA,Codonopsis_lanceolata,NA,Codonopsis_lanceolata,NA,NA,NA,WGS,GENOMIC,NA,Codonopsis lanceolata,1,10,dummy,0,jeff,family,3000,TRUE,1:1:17,0.1:1:26,3000:6000:18,pca,manual,160000,0.1,onthq,30,NA,Codonopsis lanceolata,941,941,done
Codonopsis_lanceolata-1,SRR11585869,SRR11585868,2,ONT,NA,Codonopsis_lanceolata,NA,Codonopsis_lanceolata,NA,NA,NA,WGS,GENOMIC,NA,Codonopsis lanceolata,1,10,dummy,0,jeff,family,3000,TRUE,1:1:17,0.1:1:26,3000:6000:18,pca,manual,160000,0.1,onthq,30,NA,Codonopsis lanceolata,699,699,done
Codonopsis_lanceolata-2,SRR11585869,SRR11585868,2,ONT,NA,Codonopsis_lanceolata,NA,Codonopsis_lanceolata,NA,NA,NA,WGS,GENOMIC,NA,Codonopsis lanceolata,1,10,dummy,0,jeff,family,3000,TRUE,1:1:17,0.1:1:26,3000:6000:18,pca,manual,160000,0.1,onthq,30,NA,Codonopsis lanceolata,699,699,done
Cucumis_sativus_var_hardwickii-0,SRR28091980,SRR28091977,2,ONT,NA,Cucumis_sativus_var_hardwickii,NA,Cucumis_sativus_var_hardwickii,NA,NA,NA,WGS,GENOMIC,NA,Cucumis sativus var hardwickii,1,0.1,dummy,0,lab06,family,3000,TRUE,1:1:18,0.1:1:27,3000:6000:19,pca,manual,160000,0.1,onthq,30,NA,Cucumis sativus var hardwickii,461,461,done
Cucumis_sativus_var_hardwickii-1,SRR28091980,SRR28091977,2,ONT,NA,Cucumis_sativus_var_hardwickii,NA,Cucumis_sativus_var_hardwickii,NA,NA,NA,WGS,GENOMIC,NA,Cucumis sativus var hardwickii,1,1,dummy,0,lab06,family,3000,TRUE,1:1:18,0.1:1:27,3000:6000:19,pca,manual,160000,0.1,onthq,30,NA,Cucumis sativus var hardwickii,567,567,done
Cucumis_sativus_var_hardwickii-2,SRR28091980,SRR28091977,2,ONT,NA,Cucumis_sativus_var_hardwickii,NA,Cucumis_sativus_var_hardwickii,NA,NA,NA,WGS,GENOMIC,NA,Cucumis sativus var hardwickii,1,1,dummy,0,lab06,family,3000,TRUE,1:1:18,0.1:1:27,3000:6000:19,pca,manual,160000,0.1,onthq,30,NA,Cucumis sativus var hardwickii,567,567,done
Dioscorea_japonica-0,SRR16108312,SRR16108386,2,ONT,NA,Dioscorea_japonica,NA,Dioscorea_japonica,NA,NA,NA,WGS,GENOMIC,NA,Dioscorea japonica,1,10,dummy,0,viola,family,3000,TRUE,1:1:19,0.1:1:28,3000:6000:20,pca,manual,160000,0.1,onthq,30,NA,Dioscorea japonica,513,513,done
Dunaliella_tertiolecta-0,SRR22857204,SRR22857205,2,ONT,NA,Dunaliella_tertiolecta,NA,Dunaliella_tertiolecta,NA,NA,NA,WGS,GENOMIC,NA,Dunaliella tertiolecta,1,10,dummy,0,lab04,family,3000,TRUE,1:1:20,0.1:1:29,3000:6000:21,pca,manual,160000,0.1,onthq,30,NA,Dunaliella tertiolecta,621,621,done
Dunaliella_tertiolecta-1,SRR22857204,SRR22857205,2,ONT,NA,Dunaliella_tertiolecta,NA,Dunaliella_tertiolecta,NA,NA,NA,WGS,GENOMIC,NA,Dunaliella tertiolecta,1,10,dummy,0,lab04,family,3000,TRUE,1:1:20,0.1:1:29,3000:6000:21,pca,manual,160000,0.1,onthq,30,NA,Dunaliella tertiolecta,351,351,done
Dunaliella_tertiolecta-2,SRR22857204,SRR22857205,2,ONT,NA,Dunaliella_tertiolecta,NA,Dunaliella_tertiolecta,NA,NA,NA,WGS,GENOMIC,NA,Dunaliella tertiolecta,1,10,dummy,0,lab04,family,3000,TRUE,1:1:20,0.1:1:29,3000:6000:21,pca,manual,160000,0.1,onthq,30,NA,Dunaliella tertiolecta,351,351,done
Eucalyptus_pauciflora-0,SRR7153095,SRR7161123,2,ONT,NA,Eucalyptus_pauciflora,NA,Eucalyptus_pauciflora,NA,NA,NA,WGS,GENOMIC,NA,Eucalyptus pauciflora,1,10,dummy,0,lab05,family,3000,TRUE,1:1:21,0.1:1:30,3000:6000:22,pca,manual,160000,0.1,onthq,30,NA,Eucalyptus pauciflora,505,505,done
Eucalyptus_pauciflora-1,SRR7153095,SRR7161123,2,ONT,NA,Eucalyptus_pauciflora,NA,Eucalyptus_pauciflora,NA,NA,NA,WGS,GENOMIC,NA,Eucalyptus pauciflora,1,10,dummy,0,lab05,family,3000,TRUE,1:1:21,0.1:1:30,3000:6000:22,pca,manual,160000,0.1,onthq,30,NA,Eucalyptus pauciflora,505,505,done
Eucalyptus_pauciflora-2,SRR7153095,SRR7161123,2,ONT,NA,Eucalyptus_pauciflora,NA,Eucalyptus_pauciflora,NA,NA,NA,WGS,GENOMIC,NA,Eucalyptus pauciflora,1,10,dummy,0,lab05,family,3000,TRUE,1:1:21,0.1:1:30,3000:6000:22,pca,manual,160000,0.1,onthq,30,NA,Eucalyptus pauciflora,505,505,done
Euonymus_alatus-0,SRR16133411,SRR16122871,2,ONT,NA,Euonymus_alatus,NA,Euonymus_alatus,NA,NA,NA,WGS,GENOMIC,NA,Euonymus alatus,1,10,dummy,0,siepel,family,3000,TRUE,1:1:22,0.1:1:31,3000:6000:23,pca,manual,160000,0.1,onthq,30,NA,Euonymus alatus,869,869,done
Euonymus_alatus-1,SRR16133411,SRR16122871,2,ONT,NA,Euonymus_alatus,NA,Euonymus_alatus,NA,NA,NA,WGS,GENOMIC,NA,Euonymus alatus,1,10,dummy,0,siepel,family,3000,TRUE,1:1:22,0.1:1:31,3000:6000:23,pca,manual,160000,0.1,onthq,30,NA,Euonymus alatus,909,909,done
Euonymus_alatus-2,SRR16133411,SRR16122871,2,ONT,NA,Euonymus_alatus,NA,Euonymus_alatus,NA,NA,NA,WGS,GENOMIC,NA,Euonymus alatus,1,10,dummy,0,siepel,family,3000,TRUE,1:1:22,0.1:1:31,3000:6000:23,pca,manual,160000,0.1,onthq,30,NA,Euonymus alatus,909,909,done
Gossypium_herbaceum-0,SRR17224483,SRR17211914,2,ONT,NA,Gossypium_herbaceum,NA,Gossypium_herbaceum,NA,NA,NA,WGS,GENOMIC,NA,Gossypium herbaceum,1,10,dummy,0,lab06,family,3000,TRUE,1:1:23,0.1:1:32,3000:6000:24,umap,manual,160000,0.1,onthq,30,NA,Gossypium herbaceum,945,945,done
Gossypium_herbaceum-1,SRR17224483,SRR17211914,2,ONT,NA,Gossypium_herbaceum,NA,Gossypium_herbaceum,NA,NA,NA,WGS,GENOMIC,NA,Gossypium herbaceum,1,10,dummy,0,lab06,family,3000,TRUE,1:1:23,0.1:1:32,3000:6000:24,umap,manual,160000,0.1,onthq,30,NA,Gossypium herbaceum,925,925,done
Gossypium_herbaceum-2,SRR17224483,SRR17211914,2,ONT,NA,Gossypium_herbaceum,NA,Gossypium_herbaceum,NA,NA,NA,WGS,GENOMIC,NA,Gossypium herbaceum,1,10,dummy,0,lab06,family,3000,TRUE,1:1:23,0.1:1:32,3000:6000:24,umap,manual,160000,0.1,onthq,30,NA,Gossypium herbaceum,925,925,done
Juncus_effusus-0,SRR14298760,SRR14298746,2,ONT,NA,Juncus_effusus,NA,Juncus_effusus,NA,NA,NA,WGS,GENOMIC,NA,Juncus effusus,1,10,dummy,0,jeff,family,3000,TRUE,1:1:24,0.1:1:33,3000:6000:25,pca,manual,160000,0.1,onthq,30,NA,Juncus effusus,173,173,done
Juncus_effusus-1,SRR14298760,SRR14298746,2,ONT,NA,Juncus_effusus,NA,Juncus_effusus,NA,NA,NA,WGS,GENOMIC,NA,Juncus effusus,1,10,dummy,0,jeff,family,3000,TRUE,1:1:24,0.1:1:33,3000:6000:25,pca,manual,160000,0.1,onthq,30,NA,Juncus effusus,191,191,done
Juncus_effusus-2,SRR14298760,SRR14298746,2,ONT,NA,Juncus_effusus,NA,Juncus_effusus,NA,NA,NA,WGS,GENOMIC,NA,Juncus effusus,1,10,dummy,0,jeff,family,3000,TRUE,1:1:24,0.1:1:33,3000:6000:25,pca,manual,160000,0.1,onthq,30,NA,Juncus effusus,191,191,done
Juncus_inflexus-0,SRR14298751,SRR14298745,2,ONT,NA,Juncus_inflexus,NA,Juncus_inflexus,NA,NA,NA,WGS,GENOMIC,NA,Juncus inflexus,1,10,dummy,0,viola,family,3000,TRUE,1:1:25,0.1:1:34,3000:6000:26,pca,manual,160000,0.1,onthq,30,NA,Juncus inflexus,375,375,done
Juncus_roemerianus-0,SRR21976090,SRR21976092,2,ONT,NA,Juncus_roemerianus,NA,Juncus_roemerianus,NA,NA,NA,WGS,GENOMIC,NA,Juncus roemerianus,1,10,dummy,0,viola,family,3000,TRUE,1:1:26,0.1:1:35,3000:6000:27,pca,manual,160000,0.1,onthq,30,NA,Juncus roemerianus,555,555,done
Juncus_validus-0,SRR21976089,SRR21976091,2,ONT,NA,Juncus_validus,NA,Juncus_validus,NA,NA,NA,WGS,GENOMIC,NA,Juncus validus,1,10,dummy,0,viola,family,3000,TRUE,1:1:27,0.1:1:36,3000:6000:28,pca,manual,160000,0.1,onthq,30,NA,Juncus validus,345,345,done
Leiosporoceros_dussii-0,SRR25387688,SRR25387689,2,ONT,NA,Leiosporoceros_dussii,NA,Leiosporoceros_dussii,NA,NA,NA,WGS,GENOMIC,NA,Leiosporoceros dussii,1,10,dummy,0,lab07,family,3000,TRUE,1:1:28,0.1:1:37,3000:6000:29,pca,manual,160000,0.1,onthq,30,NA,Leiosporoceros dussii,501,501,done
Leiosporoceros_dussii-1,SRR25387688,SRR25387689,2,ONT,NA,Leiosporoceros_dussii,NA,Leiosporoceros_dussii,NA,NA,NA,WGS,GENOMIC,NA,Leiosporoceros dussii,1,10,dummy,0,lab07,family,3000,TRUE,1:1:28,0.1:1:37,3000:6000:29,pca,manual,160000,0.1,onthq,30,NA,Leiosporoceros dussii,619,619,done
Leiosporoceros_dussii-2,SRR25387688,SRR25387689,2,ONT,NA,Leiosporoceros_dussii,NA,Leiosporoceros_dussii,NA,NA,NA,WGS,GENOMIC,NA,Leiosporoceros dussii,1,10,dummy,0,lab07,family,3000,TRUE,1:1:28,0.1:1:37,3000:6000:29,pca,manual,160000,0.1,onthq,30,NA,Leiosporoceros dussii,619,619,done
Macadamia_jansenii-0,SRR11191910,SRR11191912,2,ONT,NA,Macadamia_jansenii,NA,Macadamia_jansenii,NA,NA,NA,WGS,GENOMIC,NA,Macadamia jansenii,1,10,dummy,0,lab05,family,3000,TRUE,1:1:29,0.1:1:38,3000:6000:30,pca,manual,160000,0.1,onthq,30,NA,Macadamia jansenii,667,667,done
Macadamia_jansenii-1,SRR11191910,SRR11191912,2,ONT,NA,Macadamia_jansenii,NA,Macadamia_jansenii,NA,NA,NA,WGS,GENOMIC,NA,Macadamia jansenii,1,10,dummy,0,lab05,family,3000,TRUE,1:1:29,0.1:1:38,3000:6000:30,pca,manual,160000,0.1,onthq,30,NA,Macadamia jansenii,627,627,done
Macadamia_jansenii-2,SRR11191910,SRR11191912,2,ONT,NA,Macadamia_jansenii,NA,Macadamia_jansenii,NA,NA,NA,WGS,GENOMIC,NA,Macadamia jansenii,1,10,dummy,0,lab05,family,3000,TRUE,1:1:29,0.1:1:38,3000:6000:30,pca,manual,160000,0.1,onthq,30,NA,Macadamia jansenii,627,627,done
Musa_acuminata_subsp_malaccensis-0,ERR5455028,ERR3606950,2,ONT,NA,Musa_acuminata_subsp_malaccensis,NA,Musa_acuminata_subsp_malaccensis,NA,NA,NA,WGS,GENOMIC,NA,Musa acuminata subsp malaccensis,1,10,dummy,0,viola,family,3000,TRUE,1:1:30,0.1:1:39,3000:6000:31,pca,manual,160000,0.1,onthq,30,NA,Musa acuminata subsp malaccensis,969,969,done
Notothylas_orbicularis-0,SRR25405055,SRR25405056,2,ONT,NA,Notothylas_orbicularis,NA,Notothylas_orbicularis,NA,NA,NA,WGS,GENOMIC,NA,Notothylas orbicularis,1,10,dummy,0,lab01,family,3000,TRUE,1:1:31,0.1:1:40,3000:6000:32,pca,manual,160000,0.1,onthq,30,NA,Notothylas orbicularis,275,275,done
Notothylas_orbicularis-1,SRR25405055,SRR25405056,2,ONT,NA,Notothylas_orbicularis,NA,Notothylas_orbicularis,NA,NA,NA,WGS,GENOMIC,NA,Notothylas orbicularis,1,10,dummy,0,lab01,family,3000,TRUE,1:1:31,0.1:1:40,3000:6000:32,pca,manual,160000,0.1,onthq,30,NA,Notothylas orbicularis,677,677,done
Notothylas_orbicularis-2,SRR25405055,SRR25405056,2,ONT,NA,Notothylas_orbicularis,NA,Notothylas_orbicularis,NA,NA,NA,WGS,GENOMIC,NA,Notothylas orbicularis,1,10,dummy,0,lab01,family,3000,TRUE,1:1:31,0.1:1:40,3000:6000:32,pca,manual,160000,0.1,onthq,30,NA,Notothylas orbicularis,677,677,done
Ophrys_lutea-0,ERR5167480,ERR5303530,2,ONT,NA,Ophrys_lutea,NA,Ophrys_lutea,NA,NA,NA,WGS,GENOMIC,NA,Ophrys lutea,1,10,dummy,0,lab06,family,3000,TRUE,1:1:32,0.1:1:41,3000:6000:33,pca,manual,160000,0.1,onthq,30,NA,Ophrys lutea,355,355,done
Ophrys_lutea-1,ERR5167480,ERR5303530,2,ONT,NA,Ophrys_lutea,NA,Ophrys_lutea,NA,NA,NA,WGS,GENOMIC,NA,Ophrys lutea,1,10,dummy,0,lab06,family,3000,TRUE,1:1:32,0.1:1:41,3000:6000:33,pca,manual,160000,0.1,onthq,30,NA,Ophrys lutea,229,229,done
Ophrys_lutea-2,ERR5167480,ERR5303530,2,ONT,NA,Ophrys_lutea,NA,Ophrys_lutea,NA,NA,NA,WGS,GENOMIC,NA,Ophrys lutea,1,10,dummy,0,lab06,family,3000,TRUE,1:1:32,0.1:1:41,3000:6000:33,pca,manual,160000,0.1,onthq,30,NA,Ophrys lutea,229,229,done
Oryza_rufipogon-0,SRR12104676,SRR12102351,2,ONT,NA,Oryza_rufipogon,NA,Oryza_rufipogon,NA,NA,NA,WGS,GENOMIC,NA,Oryza rufipogon,1,10,dummy,0,lab01,family,3000,TRUE,1:1:33,0.1:1:42,3000:6000:34,pca,manual,160000,0.1,onthq,30,NA,Oryza rufipogon,933,933,done
Oryza_rufipogon-1,SRR12104676,SRR12102351,2,ONT,NA,Oryza_rufipogon,NA,Oryza_rufipogon,NA,NA,NA,WGS,GENOMIC,NA,Oryza rufipogon,1,10,dummy,0,lab01,family,3000,TRUE,1:1:33,0.1:1:42,3000:6000:34,pca,manual,160000,0.1,onthq,30,NA,Oryza rufipogon,777,777,done
Oryza_rufipogon-2,SRR12104676,SRR12102351,2,ONT,NA,Oryza_rufipogon,NA,Oryza_rufipogon,NA,NA,NA,WGS,GENOMIC,NA,Oryza rufipogon,1,10,dummy,0,lab01,family,3000,TRUE,1:1:33,0.1:1:42,3000:6000:34,pca,manual,160000,0.1,onthq,30,NA,Oryza rufipogon,777,777,done
Phaeomegaceros_chiloensis-0,SRR25430413,SRR25430414,2,ONT,NA,Phaeomegaceros_chiloensis,NA,Phaeomegaceros_chiloensis,NA,NA,NA,WGS,GENOMIC,NA,Phaeomegaceros chiloensis,1,10,dummy,0,lab01,family,3000,TRUE,1:1:34,0.1:1:43,3000:6000:35,pca,manual,160000,0.1,onthq,30,NA,Phaeomegaceros chiloensis,947,947,done
Phaeomegaceros_chiloensis-1,SRR25430413,SRR25430414,2,ONT,NA,Phaeomegaceros_chiloensis,NA,Phaeomegaceros_chiloensis,NA,NA,NA,WGS,GENOMIC,NA,Phaeomegaceros chiloensis,1,10,dummy,0,lab01,family,3000,TRUE,1:1:34,0.1:1:43,3000:6000:35,pca,manual,160000,0.1,onthq,30,NA,Phaeomegaceros chiloensis,927,927,done
Phaeomegaceros_chiloensis-2,SRR25430413,SRR25430414,2,ONT,NA,Phaeomegaceros_chiloensis,NA,Phaeomegaceros_chiloensis,NA,NA,NA,WGS,GENOMIC,NA,Phaeomegaceros chiloensis,1,10,dummy,0,lab01,family,3000,TRUE,1:1:34,0.1:1:43,3000:6000:35,pca,manual,160000,0.1,onthq,30,NA,Phaeomegaceros chiloensis,927,927,done
Populus_x_sibirica-0,SRR15146668,SRR12963707,2,ONT,NA,Populus_x_sibirica,NA,Populus_x_sibirica,NA,NA,NA,WGS,GENOMIC,NA,Populus x sibirica,1,10,dummy,0,lab05,family,3000,TRUE,1:1:35,0.1:1:44,3000:6000:36,pca,manual,160000,0.1,onthq,30,NA,Populus x sibirica,515,515,done
Populus_x_sibirica-1,SRR15146668,SRR12963707,2,ONT,NA,Populus_x_sibirica,NA,Populus_x_sibirica,NA,NA,NA,WGS,GENOMIC,NA,Populus x sibirica,1,10,dummy,0,lab05,family,3000,TRUE,1:1:35,0.1:1:44,3000:6000:36,pca,manual,160000,0.1,onthq,30,NA,Populus x sibirica,423,423,done
Populus_x_sibirica-2,SRR15146668,SRR12963707,2,ONT,NA,Populus_x_sibirica,NA,Populus_x_sibirica,NA,NA,NA,WGS,GENOMIC,NA,Populus x sibirica,1,10,dummy,0,lab05,family,3000,TRUE,1:1:35,0.1:1:44,3000:6000:36,pca,manual,160000,0.1,onthq,30,NA,Populus x sibirica,423,423,done
Prunus_mandshurica-0,ERR4656977,ERR4656978,2,ONT,NA,Prunus_mandshurica,NA,Prunus_mandshurica,NA,NA,NA,WGS,GENOMIC,NA,Prunus mandshurica,1,10,dummy,0,siepel,family,3000,TRUE,1:1:36,0.1:1:45,3000:6000:37,umap,manual,160000,0.1,onthq,30,NA,Prunus mandshurica,835,835,done
Prunus_mandshurica-1,ERR4656977,ERR4656978,2,ONT,NA,Prunus_mandshurica,NA,Prunus_mandshurica,NA,NA,NA,WGS,GENOMIC,NA,Prunus mandshurica,1,10,dummy,0,siepel,family,3000,TRUE,1:1:36,0.1:1:45,3000:6000:37,umap,manual,160000,0.1,onthq,30,NA,Prunus mandshurica,737,737,done
Prunus_mandshurica-2,ERR4656977,ERR4656978,2,ONT,NA,Prunus_mandshurica,NA,Prunus_mandshurica,NA,NA,NA,WGS,GENOMIC,NA,Prunus mandshurica,1,10,dummy,0,siepel,family,3000,TRUE,1:1:36,0.1:1:45,3000:6000:37,umap,manual,160000,0.1,onthq,30,NA,Prunus mandshurica,737,737,done
Solanum_lycopersicum-0,SRR11073833,SRR11205474,2,ONT,NA,Solanum_lycopersicum,NA,Solanum_lycopersicum,NA,NA,NA,WGS,GENOMIC,NA,Solanum lycopersicum,1,10,dummy,0,thorne,family,3000,TRUE,1:1:37,0.1:1:46,3000:6000:38,pca,manual,160000,0.1,onthq,30,NA,Solanum lycopersicum,617,617,done
Solanum_lycopersicum-1,SRR11073833,SRR11205474,2,ONT,NA,Solanum_lycopersicum,NA,Solanum_lycopersicum,NA,NA,NA,WGS,GENOMIC,NA,Solanum lycopersicum,1,10,dummy,0,thorne,family,3000,TRUE,1:1:37,0.1:1:46,3000:6000:38,pca,manual,160000,0.1,onthq,30,NA,Solanum lycopersicum,219,219,done
Solanum_lycopersicum-2,SRR11073833,SRR11205474,2,ONT,NA,Solanum_lycopersicum,NA,Solanum_lycopersicum,NA,NA,NA,WGS,GENOMIC,NA,Solanum lycopersicum,1,10,dummy,0,thorne,family,3000,TRUE,1:1:37,0.1:1:46,3000:6000:38,pca,manual,160000,0.1,onthq,30,NA,Solanum lycopersicum,219,219,done
Spirodela_polyrhiza-0,SRR11472010,SRR11472009,2,ONT,NA,Spirodela_polyrhiza,NA,Spirodela_polyrhiza,NA,NA,NA,WGS,GENOMIC,NA,Spirodela polyrhiza,1,10,dummy,0,siepel,family,3000,TRUE,1:1:38,0.1:1:47,3000:6000:39,umap,manual,160000,0.1,onthq,30,NA,Spirodela polyrhiza,921,921,done
Spirodela_polyrhiza-1,SRR11472010,SRR11472009,2,ONT,NA,Spirodela_polyrhiza,NA,Spirodela_polyrhiza,NA,NA,NA,WGS,GENOMIC,NA,Spirodela polyrhiza,1,10,dummy,0,siepel,family,3000,TRUE,1:1:38,0.1:1:47,3000:6000:39,umap,manual,160000,0.1,onthq,30,NA,Spirodela polyrhiza,921,921,done
Spirodela_polyrhiza-2,SRR11472010,SRR11472009,2,ONT,NA,Spirodela_polyrhiza,NA,Spirodela_polyrhiza,NA,NA,NA,WGS,GENOMIC,NA,Spirodela polyrhiza,1,10,dummy,0,siepel,family,3000,TRUE,1:1:38,0.1:1:47,3000:6000:39,umap,manual,160000,0.1,onthq,30,NA,Spirodela polyrhiza,921,921,done
Vaccinium_vitis_idaea-0,SRR25468450,SRR25477290,2,ONT,NA,Vaccinium_vitis_idaea,NA,Vaccinium_vitis_idaea,NA,NA,NA,WGS,GENOMIC,NA,Vaccinium vitis idaea,1,10,dummy,0,jeff,family,3000,TRUE,1:1:39,0.1:1:48,3000:6000:40,umap,manual,160000,0.1,onthq,30,NA,Vaccinium vitis idaea,853,853,done
Vaccinium_vitis_idaea-1,SRR25468450,SRR25477290,2,ONT,NA,Vaccinium_vitis_idaea,NA,Vaccinium_vitis_idaea,NA,NA,NA,WGS,GENOMIC,NA,Vaccinium vitis idaea,1,10,dummy,0,jeff,family,3000,TRUE,1:1:39,0.1:1:48,3000:6000:40,umap,manual,160000,0.1,onthq,30,NA,Vaccinium vitis idaea,187,187,done
Vaccinium_vitis_idaea-2,SRR25468450,SRR25477290,2,ONT,NA,Vaccinium_vitis_idaea,NA,Vaccinium_vitis_idaea,NA,NA,NA,WGS,GENOMIC,NA,Vaccinium vitis idaea,1,10,dummy,0,jeff,family,3000,TRUE,1:1:39,0.1:1:48,3000:6000:40,umap,manual,160000,0.1,onthq,30,NA,Vaccinium vitis idaea,187,187,done
Vitis_vinifera-0,SRR26163227,SRR26163231,2,ONT,NA,Vitis_vinifera,NA,Vitis_vinifera,NA,NA,NA,WGS,GENOMIC,NA,Vitis vinifera,1,1,dummy,0,thorne,family,3000,TRUE,1:1:40,0.1:1:49,3000:6000:41,umap,manual,160000,0.1,onthq,30,NA,Vitis vinifera,831,831,done
Vitis_vinifera-1,SRR26163227,SRR26163231,2,ONT,NA,Vitis_vinifera,NA,Vitis_vinifera,NA,NA,NA,WGS,GENOMIC,NA,Vitis vinifera,1,1,dummy,0,thorne,family,3000,TRUE,1:1:40,0.1:1:49,3000:6000:41,umap,manual,160000,0.1,onthq,30,NA,Vitis vinifera,399,399,done
Vitis_vinifera-2,SRR26163227,SRR26163231,2,ONT,NA,Vitis_vinifera,NA,Vitis_vinifera,NA,NA,NA,WGS,GENOMIC,NA,Vitis vinifera,1,1,dummy,0,thorne,family,3000,TRUE,1:1:40,0.1:1:49,3000:6000:41,umap,manual,160000,0.1,onthq,30,NA,Vitis vinifera,399,399,done
